name,origin,meaning
AARON,Hébraïque,"Élevé, monté en haut, frère de Moïse dans la Bible"
ABD,Arabe,Serviteur (de Dieu)
ABDALLAH,Arabe,Serviteur de Dieu
ABDEL,Arabe,Serviteur de Dieu
ABDELLAH,Arabe,Serviteur de Dieu
ABDERRAHMANE,Arabe,Serviteur du Miséricordieux
ABDOU,Arabe,"Diminutif d'Abdallah, serviteur"
ABDOUL,Arabe,"Serviteur de Dieu (diminutif de Abdallah, 'abd' = serviteur, 'Allah' = Dieu)"
ABDOULAYE,Africaine/Arabe,Serviteur de Dieu (variante d'Abdallah)
ABDOULLAH,Arabe,Serviteur de Dieu
ABDUL,Arabe,Serviteur (de Dieu)
ABDULLAH,Arabe,Serviteur de Dieu
ABEL,Hébraïque,"Souffle, vanité, fils d'Adam et Ève dans la Bible"
ABOU,Arabe,Père de
ABOUBACAR,Africaine/Arabe,Père du jeune chameau (variante d'Abou Bakr)
ABOUBAKAR,Arabe/Africaine,"Père du jeune chameau, compagnon du prophète"
ABOUBAKR,Arabe,"Père du jeune chameau, compagnon du prophète"
ABRAHAM,Hébraïque,Père d'une multitude
ACHILLE,Grecque,"Douleur, héros de la mythologie grecque"
ACHRAF,Arabe,Le plus noble
ADAM,Hébraïque,"Homme, fait de la terre rouge, premier homme dans la Bible"
ADAMA,Africaine/Hébraïque,"Homme, fait de la terre (variante d'Adam)"
ADAMA,Africaine/Hébraïque,"Féminin d'Adam, faite de la terre"
ADEL,Arabe,"Juste, équitable"
ADEM,Turque/Arabe,"Variante d'Adam, homme, fait de la terre"
ADEN,Anglaise/Somali,"Petit feu (angl.), paradis (somali)"
ADIL,Arabe,"Juste, équitable"
ADONIS,Grecque,"Seigneur, dieu de la beauté"
ADRIAN,Latine,"Originaire d'Adria, près de la mer Adriatique"
ADRIANO,Italienne,Originaire d'Adria
ADRIEL,Hébraïque,Dieu est mon aide
ADRIEN,Latine,"Originaire d'Adria, près de la mer Adriatique"
AHMAD,Arabe,Le plus loué
AHMED,Arabe,"Le plus loué, digne de louange"
AHMET,Turque,Digne de louange
AIDEN,Irlandaise,Petit feu
AIMÉ,Française,"Aimé, aimé de tous"
AKIM,Hébraïque/Russe,Dieu établira
AKRAM,Arabe,Le plus généreux
AKSEL,Scandinave,Père de la paix
AKSIL,Scandinave,Père de la paix
ALAN,Celtique,"Beau, harmonieux"
ALARIC,Germanique,Souverain tout-puissant
ALASSANE,Arabe,"Beau, bon"
ALBAN,Latine,"Blanc, pur"
ALBERT,Germanique,Noble et brillant
ALBIN,Latine,"Blanc, pur"
ALEC,Anglaise,Défenseur de l'humanité
ALES,Slavon,"Dérivé d'Alexandre, protecteur"
ALESSANDRO,Italienne,Protecteur de l'humanité
ALESSIO,Italienne,"Variante italienne d'Alexis, 'protecteur', 'défenseur'"
ALESSYO,Italienne,"Variante d'Alessio, défenseur"
ALEX,Grecque,"Protecteur, défenseur"
ALEXANDER,Greque/Anglaise,Protecteur de l'humanité
ALEXANDRE,Grecque,Protecteur de l'humanité
ALEXANDRU,Roumaine,Protecteur de l'humanité
ALEXIS,Grecque,"Protecteur, défenseur"
ALI,Arabe,"Noble, élevé, sublime"
ALIX,Germanique,Noble
ALOYS,Germanique,Célèbre au combat
ALOÏS,Germanique,Célèbre au combat
ALPARSLAN,Turque,Lion héroïque
ALPHA,Greque,Le premier
ALPHONSE,Germanique,"Noble, prêt au combat"
ALVARO,Espagnole,"Gardien, prudent"
ALY,Arabe,"Élevé, noble"
AMADOU,Africaine,"Loué, digne de louange"
AMAR,Arabe,Longue vie
AMARA,Latine,Immortelle
AMAURY,Germanique,"Roi, chef puissant"
AMAËL,Bretonne,"Prince, chef"
AMBROISE,Grecque,Immortel
AMINE,Arabe,"Honnête, digne de confiance"
AMIR,Arabe,"Prince, chef, commandeur"
AMJAD,Arabe,Le plus noble
ANAS,Arabe,"Sociable, amical"
ANASS,Arabe,Ami fidèle
ANATOLE,Grecque,"Lever du soleil, oriental"
ANAËL,Hébraïque/Moderne,Dieu a répondu
ANDREA,Italienne,"Variante italienne d'André, 'courageux', 'viril'"
ANDREA,Greque,"Virile, courageuse"
ANDREAS,Greque,"Virile, courageuse"
ANDREI,Roumaine,"Virile, courageux"
ANDREW,Anglaise,"Virile, courageuse"
ANDRIA,Italienne/Moderne,"Virile, courageux"
ANDRÉ,Française,"Virile, courageuse"
ANDRÉA,Française/Italienne,"Variante d'André, 'courageux', 'viril'"
ANDRÉA,Greque/Latine,"Courageux, viril"
ANDRÉAS,Greque,"Courageux, viril"
ANDY,Anglaise,"Virile, courageuse"
ANES,Arabe,Ami fidèle
ANGE,Latine,Messager
ANGEL,Latine,"Ange, messager"
ANGELO,Italienne,"Ange, messager"
ANIR,Arabe,Lumière
ANIS,Arabe,"Ami fidèle, proche"
ANSELME,Germanique,Casque de Dieu
ANTHONY,Latine,Inestimable
ANTOINE,Latine,"Inestimable, de valeur inestimable"
ANTON,Latine/Russe,"Inestimable, de valeur inestimable"
ANTONE,Latine,Inestimable
ANTONIN,Latine,"Inestimable, de valeur inestimable"
ANTONIO,Italienne,Inestimable
ANTTON,Basque,Inestimable
ARAS,Turque,"Nom d'une rivière, signification variable"
ARCHIBALD,Germanique,"Véritable, courageux"
ARI,Hébraïque/Scandinave,"Lion (héb.), aigle (scand.)"
ARIEL,Hebraïque,Lion de Dieu
ARIS,Greque,"Meilleur, excellence"
ARISTIDE,Greque,Le meilleur
ARKAN,Arabe,"Noble, pilier"
ARMAND,Germanique,"Homme de l'armée, guerrier"
ARMEL,Bretonne,"Prêtre, chef"
ARON,Hébraïque,"Élevé, frère de Moïse"
ARSÈNE,Grecque,"Viril, courageux"
ARTHUR,Celtique,"Ours, noble"
ARYAN,Persane,"Noble, honorable"
ARÈS,Grecque,Dieu de la guerre
ASAËL,Hebraïque,Créé par Dieu
ASLAN,Turque,Lion
ASSIL,Arabe,"Noble, d'origine noble"
ASSIL,Arabe,Noble d'origine
ATLAS,Greque,"Porter, supporter (mythologie)"
AUBIN,Latine,"Blanc, pur"
AUGUSTE,Latine,"Vénérable, sacré"
AUGUSTIN,Latine,"Petit Auguste, vénérable"
AURÈLE,Latine,"Doré, brillant"
AURÉLIEN,Latine,"Doré, brillant"
AUXENCE,Greque,"Croissance, prospérité"
AVI,Hébraïque,Mon père
AWEN,Bretonne,Inspiration poétique
AXEL,Scandinave/Hébraïque,Père de la paix ou 'celui qui protège'
AYAAN,Arabe,"Don de Dieu, chanceux"
AYAN,Arabe,"Temps, époque"
AYANE,Arabe,"Coloré, brillant"
AYAZ,Turque,"Brise, air frais"
AYDAN,Turque,"Feu, petit feu"
AYDEN,Anglaise/Irlandaise,"Petit feu, ardent"
AYDIN,Turque,"Intelligent, éclairé"
AYLAN,Turque/Moderne,"Clair de lune, harmonie"
AYLAN,Turque,Clair de lune
AYLANE,Arabe/Berbère,"Variante moderne, sens incertain (parfois 'éclat de lune' ou 'précieux')"
AYMAN,Arabe,"Chanceux, béni"
AYMANE,Arabe,"Chanceux, béni"
AYMEN,Arabe,"Béni, chanceux"
AYMERIC,Germanique,"Puissant, chef de maison"
AYOUB,Arabe,"Celui qui revient à Dieu, Job dans la Bible et le Coran"
AYRON,Anglaise,Montagne de force
AZAD,Persane,Libre
AZIZ,Arabe,"Puissant, précieux"
AÏDEN,Anglaise/Irlandaise,"Petit feu, ardent"
AÏSSA,Arabe,Jésus (dans le Coran)
BACHIR,Arabe,Annonciateur de bonnes nouvelles
BADIS,Arabe,"Courageux, audacieux"
BAKARY,Africaine,"Apprenti, étudiant"
BALTHAZAR,Hébraïque,Dieu protège le roi
BAPTISTE,Grecque/Latine,"Celui qui baptise, baptiseur"
BASILE,Grecque,"Royal, roi (du grec 'basileus')"
BASTIEN,Latine,"Vénérable, respecté (diminutif de Sébastien)"
BEN,Hébraïque,Fils
BENJAMIN,Hébraïque,"Fils de la main droite, fils du bonheur"
BENYAMIN,Hébraïque,Fils de la main droite
BILAL,Arabe,"Eau, rafraîchissant"
BILEL,Arabe,Appel à la prière
BILLY,Anglaise,Protecteur résolu (diminutif de William)
BOGDAN,Slavon,Donné par Dieu
BOSCO,Italienne,"Bois, forêt"
BOUBACAR,Africaine/Arabe,Père du jeune chameau
BRADLEY,Anglaise,Large clairière
BRAHIM,Arabe,"Abréviation d'Ibrahim, Abraham"
BRAYAN,Anglaise,"Noble, fort"
BRYAN,Anglaise,"Noble, fort"
CALEB,Hébraïque,"Fidèle, audacieux"
CALIXTE,Greque,Le plus beau
CAMERON,Écossaise,Nez crochu
CAMIL,Latine,Jeune assistante
CAMILLE,Latine,Jeune assistant(e) de cérémonie religieuse (du latin 'camillus/camilla')
CARL,Germanique,Homme libre
CASSIAN,Latine,"Creux, vide (origine romaine)"
CAYDEN,Anglaise,Combattant
CHAHINE,Persane,Faucon royal
CHARLES,Germanique,"Homme, viril, fort (du germanique 'karl')"
CHARLI,Anglaise,Homme libre
CHARLIE,Anglais,"Diminutif de Charles ou Charlotte, 'homme' ou 'viril'"
CHARLY,Anglais,"Variante de Charlie, diminutif de Charles"
CHEICK,Arabe,"Chef, savant"
CHEIKH,Arabe,"Chef, savant"
CHRIS,Anglaise,"Christ, oint"
CHRISTIAN,Latine,Suiveur du Christ
CHRISTOPHER,Greque/Anglaise,Porteur du Christ
CLOVIS,Française,Illustre combattant
CLÉMENT,Latine,"Doucement, indulgent (du latin 'clemens')"
COLIN,Anglaise,"Jeune chien, victorieux"
CONNOR,Irlandaise,"Amoureux des chiens, loup"
CONSTANT,Latine,"Fermeté, persévérance"
CONSTANTIN,Latine,"Constant, ferme"
CORENTIN,Bretonne,"Ami, tempête"
CURTIS,Anglaise,Courtois
CÉLESTIN,Latine,"Céleste, du ciel"
CÉLIAN,Latine,Céleste
CÉSAR,Latine,"Chevelu, nom impérial romain"
CÔME,Grecque,"Ornement, parure (du grec 'kosmos')"
DALIL,Arabe,Guide
DAMIAN,Greque,"Dominer, apprivoiser"
DAMIEN,Greque,"Dominer, apprivoiser"
DAMIR,Slave,"Paix, calme"
DAN,Hébraïque,Juge
DANIEL,Hébraïque,Dieu est mon juge
DANY,Hébraïque,Dieu est mon juge
DAOUD,Arabe,"David, bien-aimé"
DAOUDA,Arabe,"David, bien-aimé"
DARIO,Italienne,"Possesseur, riche"
DARIUS,Persane,Possesseur du bien
DAVID,Hébraïque,Bien-aimé
DAYAN,Hebraïque/Indienne,"Juge (héb.), compassion (indien)"
DEMBA,Africaine,Chef
DENIS,Greque,Dédié à Dionysos
DIEGO,Espagnol,"Celui qui supplante (variante espagnole de Jacques, du latin 'Iacobus')"
DIMITRI,Greque/Russe,Amoureux de la terre
DJAMIL,Arabe,Beau
DJAWAD,Arabe,Généreux
DJAYDEN,Anglaise/Moderne,Dieu a entendu
DJIBRIL,Arabe,"Archange Gabriel, force de Dieu"
DJULIAN,Latine/Moderne,"Jeune, enfant de Jupiter"
DOMINIC,Latine,Appartenant au Seigneur
DORIAN,Greque,Originaire de Doris
DRISS,Arabe,"Étudiant, savant"
DYLAN,Galloise,Fils de la mer
EDEM,Hebraïque,"Délice, paradis"
EDEN,Hébraïque,"Délice, paradis"
EDGAR,Anglaise,Lance prospère
EDMOND,Anglaise/Française,Protecteur des richesses
EDOUARD,Anglaise,Gardien des richesses
EL,Hebraïque,Dieu
ELHADJ,Arabe,Ayant accompli le pèlerinage
ELI,Hébraïque,Le Seigneur est élevé
ELIAKIM,Hebraïque,Dieu établira
ELIAM,Hébraïque,Le Seigneur est mon Dieu
ELIAN,Greque,Soleil
ELIAS,Hébraïque,Le Seigneur est mon Dieu
ELIAZ,Bretonne,Dieu est force
ELIE,Hébraïque,Le Seigneur est mon Dieu
ELIE,Hébraïque,Le Seigneur est élevé
ELIEL,Hebraïque,Dieu est mon Dieu
ELIJAH,Hébraïque,Le Seigneur est mon Dieu
ELIO,Italien/espagnol,Le soleil (du grec 'hélios')
ELIOR,Hébraïque,Dieu est ma lumière
ELIOT,Anglaise,Le Seigneur est mon Dieu
ELIOTT,Anglais,"Le Seigneur est mon Dieu (variante d'Eliot, dérivé d'Elie)"
ELLIOT,Anglaise,Le Seigneur est mon Dieu
ELLIOTT,Anglaise,Le Seigneur est mon Dieu
ELOAN,Bretonne,Lumière
ELOI,Latine,Élu
ELON,Hebraïque,Arbre
ELOUAN,Bretonne,Lumière
ELYAM,Moderne,"Création récente, signification variable"
ELYAN,Moderne,"Création récente, signification variable"
ELYAS,Arabe,"Élie, le Seigneur est mon Dieu"
ELYES,Arabe,"Élie, le Seigneur est mon Dieu"
ELYO,Espagnole/Italienne,Soleil
EMIL,Latine,"Rival, émulateur"
EMILE,Latine,"Rival, émulateur"
EMILIEN,Latine,"Rival, émulateur"
EMILIO,Espagnole/Italienne,"Rival, émulateur"
EMIN,Turque,"Sûr, digne de confiance"
EMIR,Arabe,"Prince, chef"
EMMANUEL,Hébraïque,Dieu est avec nous
ENAËL,Moderne,"Création récente, signification variable"
ENEA,Italienne,"Loué, digne de louange"
ENEKO,Basque,Petit
ENES,Turque,Ami fidèle
ENNIO,Italienne,Prédestiné
ENOHA,Moderne,"Création récente, signification variable"
ENZO,Italien,"Roi, maître de la maison (diminutif de Lorenzo ou d’Henri)"
EREN,Turque,"Saint, homme pieux"
ERIC,Germanique,Roi éternel
ERNEST,Germanique,"Sérieux, déterminé"
ERWAN,Bretonne,Jeune guerrier
ESTEBAN,Espagnole,Couronné
ESTÉBAN,Espagnole,Couronné
ETHAN,Hébraïque,"Solide, fort, ferme (de l'hébreu 'Êthân')"
ETIENNE,Greque,Couronne
EUGÈNE,Greque,Bien né
EVAN,Gallois/Hébraïque,Dieu est miséricordieux (dérivé de Jean ou Iefan en gallois)
EVANN,Bretonne,Jeune guerrier
EWAN,Écossaise,Jeune guerrier
EWEN,Bretonne,"Jeune guerrier, bien né"
EWENN,Bretonne,Jeune guerrier
EYAD,Arabe,"Puissant, fort"
EYDEN,Anglaise/Moderne,"Petit feu, ardent"
EYMEN,Arabe,"Chanceux, béni"
EZECHIEL,Hébraïque,Dieu renforce
EZEKIEL,Hebraïque,Dieu renforce
EZEL,Turque,Éternel
EZIO,Italien,Aigle (du grec 'aetos')
EZRA,Hébraïque,"Secours, aide"
EZYO,Moderne,"Création récente, signification variable"
EZÉCHIEL,Hébraïque,Dieu renforce
EZÉKIEL,Hébraïque,Dieu renforce
FABIO,Italienne,"Fève, plante légumineuse"
FAHIM,Arabe,"Intelligent, perspicace"
FARES,Arabe,"Cavalier, chevalier"
FARÈS,Arabe,"Cavalier, chevalier"
FAYEL,Moderne,"Création récente, signification variable"
FAËL,Moderne,"Création récente, signification variable"
FELIX,Latine,"Heureux, chanceux"
FERDINAND,Germanique,Audacieux dans la paix
FIRAS,Arabe,"Perspicace, intelligent"
FLAVIO,Italienne,"Blond, doré"
FLORIAN,Latine,"Fleurissant, en pleine floraison"
FOUCAULD,Germanique,Peuple puissant
FRANCESCO,Italienne,"Français, libre"
FRANCISCO,Espagnole,"Français, libre"
FRANÇOIS,Latine,"Français, libre"
FÉLIX,Latine,"Heureux, chanceux"
GABIN,Latine,Originaire de Gabies (ville du Latium en Italie)
GABRIEL,Hébraïque,Dieu est ma force (de l'hébreu 'Gavri'el')
GABY,Latine,Force de Dieu
GAEL,Bretonne,"Généreux, joyeux"
GAOUSSOU,Africaine,"Chef, leader"
GASPARD,Persan,"Celui qui vient voir, trésorier (de l'ancien persan 'kansbar')"
GASTON,Germanique,"Hôte, étranger"
GAUTHIER,Germanique,Commandant de l'armée
GAËL,Bretonne,"Généreux, joyeux"
GAËTAN,Italienne,Originaire de Gaète
GENNARO,Italienne,Né en janvier
GEORGE,Greque/Anglaise,Travailleur de la terre
GEORGES,Grecque,"Travailleur de la terre, agriculteur"
GHAITH,Arabe,Pluie
GHALI,Arabe,Précieux
GHJULIANU,Corse,"Jeune, enfant de Jupiter"
GIANNI,Italienne,Dieu fait grâce (diminutif de Giovanni)
GINO,Italienne,"Petit Jean, Dieu fait grâce"
GIOVANNI,Italienne,Dieu fait grâce
GIULIAN,Italienne,"Jeune, enfant de Jupiter"
GIULIANN,Italienne,"Jeune, enfant de Jupiter"
GIULIO,Italienne,"Jeune, enfant de Jupiter"
GRÉGOIRE,Greque,Vigilant
GUILLAUME,Germanique,Protecteur résolu
GUSTAVE,Germanique,"Bâton de combat, soutien des Goths"
HABIB,Arabe,"Aimé, chéri"
HADRIEN,Latine,Originaire d'Hadria
HAKIM,Arabe,"Sage, juge"
HAMADY,Africaine,"Loué, digne de louange"
HAMED,Arabe,Digne de louange
HAMID,Arabe,"Louant, reconnaissant"
HAMIDOU,Africaine,"Louant, reconnaissant"
HAMZA,Arabe,"Fort, lion"
HARON,Hebraïque,Élevé
HAROUN,Hébraïque/Arabe,"Élevé, frère de Moïse"
HAROUNA,Africaine,"Élevé, frère de Moïse"
HARRY,Anglaise,Chef de l'armée
HASSAN,Arabe,"Beau, bon"
HASSANE,Arabe,"Beau, bon"
HAYDEN,Anglaise,Vallée de foin
HEAVEN,Anglaise,Paradis
HECTOR,Grecque,"Celui qui tient ferme, héros troyen"
HEDI,Arabe,Guide
HENRI,Germanique,"Maison puissante, chef de maison"
HENRY,Germanique,Chef de maison
HICHAM,Arabe,Générosité
HILAL,Arabe,Croissant de lune
HIPPOLYTE,Grecque,Celui qui délie les chevaux
HONORÉ,Latine,"Honoré, respecté"
HUGO,Germanique,"Intelligence, esprit (du germanique 'hug')"
HUSSEIN,Arabe,"Beau, bon"
HÉLIE,Hébraïque,Le Seigneur est mon Dieu
HÉLIO,Greque,Soleil
HÉLIOS,Grecque,Soleil
IBAI,Basque,Rivière
IBAN,Basque,"Jean, Dieu fait grâce"
IBRAHIM,Arabe/Hébraïque,Père d'une multitude (variante arabe d'Abraham)
IBRAHIMA,Africaine/Arabe,Père des multitudes (variante d'Abraham)
IDRIS,Hébraïque/Arabe,"Interprète, prophète"
IDRIS,Arabe,"Interprète, prophète"
IDRISS,Arabe,"Interprète, prophète dans le Coran"
IDRISSA,Africain/Arabe,"Interprète, érudit (variante d’Idriss, prophète coranique)"
IHSAN,Arabe,"Bienfaisance, perfection"
IKRAM,Arabe,"Générosité, respect"
ILAN,Hébraïque,"Arbre, chêne"
ILHAM,Arabe,Inspiration
ILHAN,Turque,Souverain
ILIAN,Bulgarie,Dieu est mon Seigneur
ILYAM,Moderne,"Création récente, signification variable"
ILYAN,Arabe/Hébraïque,"Dieu est miséricordieux (variante d’Ilyas, Elie)"
ILYANE,Moderne,"Création récente, signification variable"
ILYAS,Arabe,"Élie, le Seigneur est mon Dieu"
ILYASS,Arabe,"Élie, le Seigneur est mon Dieu"
ILYES,Arabe,"Sublime, élevé"
ILYÈS,Arabe,"Élie, le Seigneur est mon Dieu"
IMAD,Arabe,"Pieu, pilier"
IMAN,Arabe,Foi
IMANE,Arabe,Foi
IMRAN,Arabe,"Prospérité, construction ; nom du grand-père de Jésus dans le Coran"
IMRANE,Arabe,"Prospérité, nom du grand-père de Jésus"
IMRÂN,Arabe,"Prospérité, nom du grand-père de Jésus dans le Coran"
INZA,Africaine,"Chef, leader"
IRCHAD,Arabe,Guidance
IRHAM,Arabe,Miséricorde
ISAAC,Hébraïque,"Il rira, joie (fils d'Abraham dans la Bible)"
ISAAK,Hebraïque,Il rira
ISAAQ,Hebraïque,Il rira
ISAIAH,Hébraïque,Dieu est salut
ISAO,Japonais,"Héros, homme valeureux"
ISAYAH,Hébraïque,Dieu est salut
ISAÏAH,Hébraïque,Dieu est salut
ISHAK,Arabe,"Isaac, il rira"
ISHAQ,Arabe,"Isaac, il rira"
ISLAM,Arabe,Soumission à Dieu
ISLEM,Arabe,"Paix, soumission à Dieu"
ISMAEL,Hébraïque,Dieu a entendu
ISMAIL,Arabe,Dieu a entendu
ISMAËL,Hébraïque/Arabe,Dieu a entendu (fils d'Abraham et Agar)
ISMAÏL,Hébraïque,Dieu a entendu
ISSA,Arabe,Jésus (prophète dans l'islam)
ISSAM,Arabe,"Protection, sauvegarde"
IVAN,Slavon,Dieu est gracieux
IYAD,Arabe,"Renfort, soutien"
IYED,Arabe,"Puissant, fort"
IZAAC,Hébraïque,Il rira
IZAAK,Hebraïque,Il rira
IZAK,Hébraïque,Il rira
IZAO,Moderne,"Création récente, signification variable"
JACK,Anglaise,Dieu fait grâce
JACOB,Hébraïque,Celui qui supplante
JACQUES,Hébraïque,Celui qui supplante
JAD,Arabe,Généreux
JADEN,Hébraïque/Anglais,Dieu a entendu (de l'hébreu 'Yadon')
JAHYAN,Moderne,"Création récente, signification variable"
JALIL,Arabe,"Majestueux, grand"
JAMAL,Arabe,Beauté
JAMES,Anglaise,"Variante de Jacques, supplanter"
JAMIL,Arabe,Beau
JAROD,Anglaise,Descendant
JASON,Greque,Guérisseur
JASSIM,Arabe,"Robuste, fort"
JAWAD,Arabe,Généreux
JAYAN,Indienne,Victorieux
JAYDEN,Anglaise,"Reconnaissant, Dieu a entendu"
JAYSON,Anglaise,Guérisseur
JEAN,Hébraïque,Dieu fait grâce
JED,Hébraïque,Bien-aimé de Dieu
JELANI,Africaine,"Grand, puissant"
JESSIM,Arabe,"Fort, robuste"
JESSY,Anglaise,Dieu voit
JIBRIL,Arabe,"Archange Gabriel, force de Dieu"
JOACHIM,Hébraïque,Dieu établira
JOAN,Catalane,Dieu est miséricordieux
JOAO,Portugaise,Dieu fait grâce
JOAQUIM,Portugaise,Dieu établira
JOEY,Anglaise,Dieu est miséricordieux
JOEY,Anglaise,"Diminutif de Josephine, Dieu ajoutera"
JOHAN,Scandinave,Dieu fait grâce
JOHN,Anglaise,Dieu fait grâce
JONAH,Hébraïque,Colombe
JONAS,Hébraïque,Colombe
JONATHAN,Hebraïque,Don de Dieu
JORDAN,Hébraïque,"Descendre, rivière du Jourdain"
JORIS,Française,"Fermier, travailleur de la terre"
JOSEPH,Hébraïque,"Dieu ajoutera (personnage biblique, fils de Jacob)"
JOSHUA,Hébraïque,Dieu sauve
JOSÉ,Espagnole/Portugaise,Dieu ajoutera
JOUD,Arabe,Générosité
JOËL,Hébraïque,Le Seigneur est Dieu
JUAN,Espagnole,Dieu fait grâce
JUDE,Hebraïque,Louange
JULEN,Basque,"Jeune, enfant de Jupiter"
JULES,Latine,"Dérivé de Julius, nom de famille romain"
JULIAN,Latine,"Jeune, enfant de Jupiter"
JULIANN,Latine,"Jeune, enfant de Jupiter"
JULIANO,Italienne,"Jeune, enfant de Jupiter"
JULIEN,Latine,"Jeune, enfant de Jupiter"
JULIO,Espagnole,"Jeune, enfant de Jupiter"
JUNAYD,Arabe,"Soldat, guerrier"
JUNIOR,Anglaise,Le plus jeune
JUSTIN,Latine,"Juste, équitable"
JÉRÉMY,Hébraïque,Dieu élèvera
KAAN,Turque,"Roi, souverain"
KAEL,Moderne,"Création récente, signification variable"
KAHIL,Arabe,"Ami, compagnon"
KAHYL,Arabe,"Ami, compagnon"
KAHÏL,Arabe,"Ami, compagnon"
KAIS,Arabe,"Fier, noble"
KAMERON,Anglaise,Nez crochu
KAMIL,Arabe,"Parfait, complet"
KAMYL,Arabe,"Parfait, complet"
KARAM,Arabe,Générosité
KARAMBA,Africaine,"Force, puissance"
KARIM,Arabe,"Généreux, noble"
KARL,Germanique,Homme libre
KASSIM,Arabe,"Celui qui distribue, généreux"
KASSYM,Arabe,Celui qui distribue
KASSÏM,Arabe,Celui qui distribue
KAYAM,Moderne,"Création récente, signification variable"
KAYDEN,Anglo-saxon,"Combattant, fils de Cadan"
KAYEL,Moderne,"Création récente, signification variable"
KAYLAN,Anglaise/Moderne,"Guerrier, vaillant"
KAYRON,Moderne,"Création récente, signification variable"
KAYS,Arabe,"Fier, noble"
KAYSAN,Arabe,"Intelligent, sage"
KAËL,Bretonne,"Prince, chef"
KAÏS,Arabe,"Fier, noble, élevé"
KAÏSS,Arabe,"Fier, noble"
KELYAN,Moderne,"Création récente, signification variable"
KENAN,Hébraïque,"Possession, acquis"
KENNY,Ecossaise,Noble
KENZI,Arabe,Trésor
KENZO,Japonaise,"Troisième fils, ou 'sage', 'santé'"
KEREM,Turque,Générosité
KEVIN,Irlandaise,"Beau, noble"
KEYDEN,Anglaise/Moderne,"Combattant, vaillant"
KEYLAN,Anglaise/Moderne,"Guerrier, vaillant"
KEYLANN,Moderne,"Création récente, signification variable"
KEYRON,Moderne,"Création récente, signification variable"
KHALID,Arabe,Éternel
KHALIL,Arabe,Ami intime
KHALIS,Arabe,Pur
KINGSLEY,Anglaise,Pré du roi
KINSLEY,Anglaise,Pré du roi
KYAN,Persane,"Roi, roi des rois"
KYLE,Anglaise,"Détroit, canal"
KYLIAN,Irlandaise,"Combat, guerrier"
KYLLIAN,Irlandaise,Guerrier
KÂMIL,Arabe,"Parfait, complet"
KÉLIO,Moderne,"Création récente, signification variable"
KÉLYO,Moderne,"Création récente, signification variable"
KÉNAN,Hébraïque,"Possession, acquis"
KÉVIN,Irlandaise,"Beau, noble"
LADJI,Africaine,"Chef, leader"
LAMINE,Africaine,"Honnête, digne de confiance"
LASSANA,Africaine,Beau
LAYAN,Arabe,"Douce, tendre"
LAYANN,Moderne,"Création récente, signification variable"
LAZAR,Hébraïque,Dieu a secouru
LAZARE,Hébraïque,Dieu a secouru
LAËL,Moderne,"Création récente, signification variable"
LEANDRO,Greco-latine,"Homme-lion, homme fort"
LEEROY,Anglaise,Le roi
LEITH,Arabe,Lion
LENNY,Anglais,Diminutif de Leonard (fort comme un lion)
LENY,Française,Lion
LENZO,Italienne/Moderne,"Laurier, victorieux"
LEO,Latine,Lion
LEON,Latine,Lion
LEONARDO,Italienne,Fort comme un lion
LEVI,Hebraïque,Attaché
LEWIS,Anglaise,Illustre au combat
LEYAN,Moderne,"Création récente, signification variable"
LEYANN,Moderne,"Création récente, signification variable"
LEYTH,Arabe,Lion
LIAM,Irlandais,Diminutif de William (volonté et protection)
LIHAM,Arabe,"Rêve, inspiration"
LILIAN,Latine,"Lys, pureté"
LILIO,Moderne,"Création récente, signification variable"
LINO,Italien/Espagnol,"Diminutif d'Angelino ou de Pasqualino ; aussi 'lin', la plante"
LIONEL,Latine,Petit lion
LIOR,Hebraïque,Je possède la lumière
LISANDRO,Greque,Libérateur
LISANDRU,Corse,Libérateur
LISSANDRO,Greque,Libérateur
LIVIO,Latin/Italien,Qui vient de la famille Livius (ancien nom romain)
LIYAM,Moderne,"Création récente, signification variable"
LIZIO,Moderne,"Création récente, signification variable"
LOAN,Breton,Lumière (équivalent breton de Elouan)
LOANN,Bretonne,"Lumière, équivalent breton d'Elouan"
LOGAN,Ecossaise,"Petite crique, petit vallon"
LOHAN,Bretonne/Moderne,"Lumière, petit"
LOQMAN,Arabe,Sage
LORENZO,Italienne,"Couronné de laurier, habitant de Laurentum"
LORIS,Latine/Moderne,"Laurier, victorieux"
LOU,Française/Anglaise,"Diminutif de Louise ou Louis, 'illustre au combat'"
LOU,Germanique,"Guerrier célèbre, diminutif de Louise ou Louis"
LOU,Française,"Diminutif de Louis/Louise, illustre au combat"
LOUAY,Arabe,"Secours, refuge"
LOUCA,Italienne,Lumière
LOUIS,Germanique,Illustre au combat
LOUISON,Française,"Diminutif de Louis/Louise, illustre au combat"
LOUKA,Greco-latine,"Lumière, originaire de Lucanie"
LOUKAS,Greco-latine,Lumière
LOUP,Française,"Loup, animal"
LOWEN,Bretonne,"Lumière, joie"
LOWENN,Bretonne,"Lumière, joie"
LOËN,Bretonne,Lumière
LOËVAN,Moderne,"Création récente, signification variable"
LOÏC,Française,Fameux combattant
LOÏS,Française,"Diminutif de Louis/Louise, illustre au combat"
LOÏS,Française,Fameux combattant
LUBIN,Latine,"Blanc, pur"
LUC,Latine,Lumière
LUCA,Latine/Italienne,"Lumière, originaire de Lucanie"
LUCAS,Latin/Greco-latin,"Lumière, originaire de Lucanie"
LUCIANO,Italienne,Lumière
LUCIEN,Latine,"Lumière, lumineux"
LUIS,Espagnole/Portugaise,Illustre au combat
LUKA,Greco-latine,"Lumière, originaire de Lucanie"
LUKAS,Greco-latine,Lumière
LUKE,Anglaise,Lumière
LUQMAN,Arabe,Sage
LYAM,Irlandais,Variante de Liam (volonté et protection)
LYES,Arabe,Lion
LYHAM,Moderne,"Création récente, signification variable"
LYLIO,Moderne,"Création récente, signification variable"
LYNO,Moderne,"Création récente, signification variable"
LYSANDRO,Greque,Libérateur
LYSSANDRO,Moderne,"Création récente, signification variable"
LYVIO,Moderne,"Création récente, signification variable"
LYZIO,Moderne,Signification incertaine
LÉANDRE,Greco-latin,"Homme-lion, homme fort"
LÉANDRO,Greco-latine,"Homme-lion, homme fort"
LÉLIO,Italienne,"Léger, joyeux"
LÉNY,Moderne,"Création récente, signification variable"
LÉO,Latine,Lion
LÉO-PAUL,Française,"Lion et petit, humble"
LÉON,Greco-latin,Lion
LÉONARD,Germanique,Fort comme un lion
LÉONCE,Latine,Lion
LÉOPOLD,Germanique,Peuple audacieux
LÉVI,Hebraïque,Attaché
LÉVY,Hébraïque,Attaché
LÏAM,Irlandaise,Volonté et protection
MADI,Africaine,Né un lundi
MADY,Moderne,"Création récente, signification variable"
MADY,Anglaise,Diminutif de Madeleine
MAEL,Bretonne,"Prince, chef"
MAHAMADOU,Africaine,Digne de louange
MAHDI,Arabe,Le bien guidé
MAHER,Arabe,Talentueux
MAHMOUD,Arabe,Digne de louange
MAHO,Bretonne,Don de Dieu
MAHÉ,Breton,"Forme bretonne de Matthieu (""don de Dieu"")"
MAHÉ,Breton,"Forme bretonne de Matthieu, signifiant 'don de Dieu'"
MAHË,Bretonne,"Forme bretonne de Matthieu, don de Dieu"
MAJD,Arabe,"Gloire, noblesse"
MALEK,Arabe,Roi
MALICK,Arabe,Roi
MALIK,Arabe,"Roi, souverain"
MALO,Breton,"Saint-Malo (""générosité"", brillant, nom d'un saint breton)"
MALO,Breton,"Nom d’un saint breton, signifiant 'brillant', 'chef', ou 'généreux'"
MALONE,Irlandaise,Serviteur de Saint Jean
MALONN,Moderne,"Création récente, signification variable"
MALOÉ,Bretonne/Moderne,"Petit chef, brillant"
MALOË,Bretonne,"Petit chef, brillant"
MAMADOU,Africaine,Digne de louange (variante de Mohamed)
MAMOUDOU,Africaine,Digne de louange
MANEL,Arabe,"Don, cadeau"
MANI,Indienne,"Jewel, perle précieuse"
MANOA,Hébraïque,"Repos, consolation"
MANOÉ,Hébraïque,"Repos, consolation"
MANOË,Hébraïque,"Repos, consolation"
MANUEL,Espagnole/Portugaise,Dieu est avec nous
MAO,Japonais,Véritable
MARC,Latine,Consacré au dieu Mars
MARCEAU,Latine,"Dérivé de Marc (""consacré au dieu Mars"")"
MARCEAU,Latine,"Dérivé de Marc, 'consacré au dieu Mars'"
MARCEL,Latine,"Petit guerrier, jeune homme"
MARCO,Italienne,Consacré au dieu Mars
MARCUS,Latine,Consacré au dieu Mars
MARIN,Latine,Qui vient de la mer
MARIN,Latine,Celui qui vient de la mer'
MARIUS,Latine,"Dérivé de Marius, nom de famille romain, signifiant 'viril'"
MARIUS,Latine,"Nom de famille romain, signifiant 'viril'"
MARK,Anglaise,Consacré au dieu Mars
MARLEY,Anglaise,Clairière agréable
MARLON,Anglaise,Petit faucon
MARTIN,Latine,"Dérivé de Mars, dieu de la guerre"
MARTY,Anglaise,"Guerrier, diminutif de Martin"
MARVIN,Anglaise,Ami de la mer
MARWAN,Arabe,"Pierre blanche, quartz"
MASSIMO,Italienne,Le plus grand
MASTEN,Moderne,Signification incertaine
MATEI,Roumaine,Don de Dieu
MATEO,Espagnole,Don de Dieu
MATHIAS,Hébraïque,Don de Dieu
MATHIEU,Hébraïque,Don de Dieu
MATHIS,Hébraïque,"Forme alsacienne de Matthieu (""don de Dieu"")"
MATHIS,Hébraïque,"Forme alsacienne de Matthieu, 'don de Dieu'"
MATHYS,Hébraïque,Don de Dieu (variante de Mathis)
MATHÉO,Hébraïque,"Variante de Matthieu (""don de Dieu"")"
MATHÉO,Hébraïque,"Variante de Matthieu, 'don de Dieu'"
MATHÉÏS,Moderne,"Forme moderne de Mathis, don de Dieu"
MATIAS,Espagnole,Don de Dieu
MATIS,Moderne,Don de Dieu
MATISSE,Française,Don de Dieu
MATT,Anglaise,"Diminutif de Matthew, don de Dieu"
MATTEO,Italienne,Don de Dieu
MATTHEW,Anglaise,Don de Dieu
MATTHIAS,Hebraïque,Don de Dieu
MATTHIEU,Hébraïque,Don de Dieu
MATTIA,Italienne,Don de Dieu (variante italienne de Matthieu)
MATTIN,Basque,Don de Dieu
MATTÉO,Hébraïque,"Variante italienne de Matthieu (""don de Dieu"")"
MATTÉO,Hébraïque,"Variante italienne de Matthieu, 'don de Dieu'"
MATÉO,Hébraïque,Don de Dieu (variante espagnole/italienne de Matthieu)
MAX,Latine,Le plus grand
MAXENCE,Latine,"Le plus grand, le plus important"
MAXENCE,Latine,"Le plus grand', 'le plus important'"
MAXIME,Latine,Le plus grand
MAXIME,Latine,Le plus grand'
MAXIME,Latine,Le plus grand
MAXIMILIEN,Latine,Le plus grand
MAYEUL,Française,Guerrier célèbre
MAYLAN,Moderne,"Création récente, signification variable"
MAYLANN,Moderne,"Création récente, signification variable"
MAYLON,Moderne,"Création récente, signification variable"
MAYLONE,Moderne,"Signification incertaine, possible dérivé de Malone"
MAYLONN,Moderne,"Création récente, signification variable"
MAYRON,Moderne,"Signification incertaine, prénom récent"
MAYRONN,Moderne,"Création récente, signification variable"
MAÉ,Breton,"Forme courte de Maël ou de Marie (""prince"
MAÉ,Breton,"Forme courte de Maël ou Marie, 'prince, chef' ou 'aimée de Dieu'"
MAÉ,Française/Bretonne,"Princesse, chef"
MAË,Bretonne,"Princesse, chef"
MAË,Française/Bretonne,"Princesse, chef"
MAËL,Breton,"Prince, chef"
MAËL,Breton,"Prince', 'chef'"
MAËLAN,Bretonne,"Petit prince, chef"
MAËLO,Bretonne,Petit prince
MEHDI,Arabe,Le bien guidé
MEHMET,Turque,Digne de louange
MELCHIOR,Araméenne,Roi de la lumière
MELIH,Turque,"Beau, gracieux"
MELVIN,Anglaise,Ami de la justice
MENZO,Moderne,"Création récente, signification variable"
MERLIN,Celtique,"Colline de la mer, magicien légendaire"
METEHAN,Turque,Chef courageux
MEWEN,Bretonne,Bienheureux
MICHAEL,Hébraïque,Qui est comme Dieu ?
MICHAËL,Hébraïque,Qui est comme Dieu ?
MICHEL,Hébraïque,Qui est comme Dieu ?
MICKAEL,Hébraïque,Qui est comme Dieu ?
MICKAËL,Hébraïque,Qui est comme Dieu ?
MIGUEL,Espagnole,Qui est comme Dieu ?
MIKAEL,Hébraïque,Qui est comme Dieu ?
MIKAÏL,Hébraïque,Qui est comme Dieu ?
MIKE,Anglaise,"Diminutif de Michael, qui est comme Dieu ?"
MILAN,Slave/Latine,"Aimé du peuple ou ""gracieux"" (aussi un oiseau)"
MILAN,Slave/Latine,"Aimé du peuple', 'gracieux' ou nom d’un oiseau"
MILANN,Slave/Moderne,"Aimé du peuple, gracieux"
MILHAN,Arabe/Moderne,"Gracieux, aimé du peuple"
MILHÂN,Arabe,"Gracieux, aimé du peuple"
MILO,Germanique/Slave,"Gracieux ou ""aimable"""
MILO,Germanique/Slave,"Gracieux', 'aimable', 'pacifique'"
MILÀN,Slave,"Aimé du peuple, gracieux"
MIRAN,Slave,"Paix, monde"
MIRAÇ,Turque,"Ascension, miracle"
MODIBO,Africaine,"Respecté, sage"
MOHAMAD,Arabe,Digne de louange
MOHAMED,Arabe,Digne de louange
MOHAMED,Arabe,"Digne de louange', 'le loué'"
MOHAMED-ALI,Arabe,Digne de louange et élevé
MOHAMED-AMINE,Arabe,Digne de louange et digne de confiance
MOHAMED-LAMINE,Arabe,Digne de louange et digne de confiance
MOHAMMAD,Arabe,Digne de louange
MOHAMMED,Arabe,Digne de louange
MORGAN,Celtique,Né de la mer
MORY,Africaine,"Chef, sage"
MOUHAMAD,Arabe,Digne de louange
MOUHAMADOU,Africaine,Digne de louange
MOUHAMED,Arabe,Digne de louange
MOUHAMMAD,Arabe,Digne de louange
MOUSSA,Hébraïque/Arabe,Sauvé des eaux (Moïse)
MOUSTAFA,Arabe,Le choisi
MOUSTAPHA,Arabe,Le choisi
MOÏSE,Hébraïque,Sauvé des eaux
MUHAMMAD,Arabe,Digne de louange
MUHAMMED,Arabe,Digne de louange
MUSA,Arabe,"Moïse, sauvé des eaux"
MUSTAFA,Arabe,Le choisi
MYLAN,Slave/Moderne,"Aimé du peuple, gracieux"
MYLANN,Moderne,"Aimé du peuple, gracieux"
MYLO,Anglaise,"Gracieux, aimé du peuple"
MÉDINE,Arabe,Ville sainte de l'islam
MÉLIO,Moderne,"Création récente, signification variable"
NABIL,Arabe,Noble
NADIR,Arabe,"Rare, précieux"
NADJIM,Arabe,Étoile
NAEL,Arabe,"Cadeau, don"
NAHEL,Arabe,"Don, cadeau"
NAHIL,Arabe,"Don, cadeau"
NAHYL,Arabe,"Don, cadeau"
NAHËL,Arabe,"Don, cadeau"
NAHÏL,Arabe,"Don, cadeau"
NANS,Bretonne,"Courageux, audacieux"
NAO,Moderne,"Création récente, signification variable"
NAOR,Hébraïque,Lumière
NASRI,Arabe,Victoire
NASSER,Arabe,Victorieux
NASSIM,Arabe,Brise légère
NATHAN,Hébraïque,Dieu a donné
NATHAN,Hébraïque,Dieu a donné'
NATHANAËL,Hébraïque,Dieu a donné
NATHANIEL,Hébraïque,Dieu a donné
NATHAËL,Hebraïque,Dieu a donné
NATÉO,Moderne,"Création récente, signification variable"
NAWFEL,Arabe,Généreux
NAYAN,Indienne,"Regard, yeux"
NAYEL,Arabe,Celui qui obtient
NAËL,Arabe/Hébraïque,"Cadeau de Dieu ou ""né à Noël"""
NAËL,Arabe/Hébraïque,Cadeau de Dieu' ou 'né à Noël'
NAÏL,Arabe,"Celui qui obtient, qui atteint"
NAÏM,Arabe,"Sérénité, bonheur"
NAÏM,Arabe,"Sérénité', 'bonheur'"
NEIL,Anglaise/Irlandaise,"Champion, nuage"
NELSON,Anglaise,Fils de Neil
NICOLAS,Greque,Victoire du peuple
NIELS,Scandinave,Victoire du peuple
NILS,Scandinave,Victoire du peuple
NINO,Italien/Espagnol,"Diminutif d'Antonio ou Giovanni (""Dieu est miséricordieux"")"
NINO,Italien/Espagnol,"Diminutif d’Antonio ou Giovanni, 'Dieu est miséricordieux'"
NOA,Hébraïque,"Repos, paix"
NOA,Hébraïque,"Repos', 'paix'"
NOAH,Hébraïque,"Repos, paix (variante internationale de Noé)"
NOAM,Hébraïque,"Délice, douceur"
NOAN,Bretonne,Bienheureux
NOHA,Arabe,"Intelligence, sagesse"
NOHAM,Hébraïque/Moderne,Dieu console
NOHAN,Moderne,"Création récente, signification variable"
NOHÉ,Moderne,"Création récente, signification variable"
NOLAN,Irlandais,"Descendant du champion, noble"
NOLANN,Bretonne/Irlandaise,Petit champion
NOLHAN,Moderne,"Création récente, signification variable"
NOUH,Arabe,"Noé, repos, paix"
NOUR,Arabe,"Lumière, éclat"
NOUR,Arabe,Lumière
NOÉ,Hébraïque,"Repos, paix (personnage biblique ayant construit l’arche)"
NYNO,Moderne,"Création récente, signification variable"
NÉLIO,Moderne,"Création récente, signification variable"
NÉO,Greque,Nouveau
OCTAVE,Latine,"Huitième enfant, octave"
OIHAN,Basque,Forêt
OLIVER,Latine,"Olive, paix"
OLIVIER,Latine,"Olive, paix"
OMAR,Arabe,"Longue vie, prospère"
OMER,Turque,Longue vie
OREN,Hébraïque,"Pin, arbre"
ORION,Greque,Chasseur mythologique
ORSO,Italienne,Ours
OSCAR,Germanique,Lance de Dieu
OSMAN,Turque,"Jeune serpent, fondateur de l'Empire ottoman"
OTHMAN,Arabe,Nom d'un compagnon du prophète
OUMAR,Arabe,"Longue vie, prospère"
OUSMANE,Africaine/Arabe,"Bébé, jeune enfant (variante d'Othman)"
OUSSAID,Arabe,Petit lion
OUSSAMA,Arabe,Lion
OUSSAYD,Arabe,Petit lion
OUSSAÏD,Arabe,Petit lion
OUWAYS,Arabe,Petit lion
OWEN,Gaélique,"Jeune guerrier, né noble"
OWENN,Bretonne,Jeune guerrier
OÏHAN,Basque,Forêt
PABLO,Espagnol,"Variante espagnole de Paul, 'petit', 'humble'"
PACO,Espagnole,Petit
PACÔME,Greque,"Largeur, force"
PAOLO,Italienne,"Petit, humble"
PATRICK,Latine,"Noble, patricien"
PAUL,Latine,"Petit, humble"
PAULIN,Latine,"Petit, humble"
PEDRO,Espagnole,"Pierre, roc"
PHARELL,Anglaise,Clarté
PHILIPPE,Greque,Ami des chevaux
PIERRE,Latine,"Roche, pierre"
PIO,Italienne,"Pieux, dévot"
PRIAM,Greque,"Racheté, roi de Troie"
PRINCE,Anglaise,"Prince, fils du roi"
QASSIM,Arabe,"Celui qui distribue, généreux"
QAYIM,Arabe,"Juste, droit"
QAYYIM,Arabe,"Juste, droit"
QUENTIN,Latine,Cinquième
RACHID,Arabe,Bien guidé
RACIM,Arabe,"Sceau, marque"
RAFAEL,Hébraïque,Dieu guérit
RAFAËL,Hébraïque,Dieu guérit
RAHEEM,Arabe,Miséricordieux
RAHIM,Arabe,Miséricordieux
RAMI,Arabe,Archer
RAMY,Arabe,Archer
RAOUL,Germanique,Loup célèbre
RAPHAEL,Hébraïque,Dieu guérit
RAPHAËL,Hébraïque,Dieu guérit
RAYAN,Arabe,"Porte du paradis, luxuriant, abondant"
RAYANE,Arabe,"Porte du paradis, luxuriant"
RICHARD,Germanique,"Puissant, courageux"
RILEY,Anglaise,"Brave, vaillant"
RIYAD,Arabe,Jardins
ROBIN,Germanique,Illustre par la gloire (diminutif de Robert) ; aussi 'petit oiseau rouge-gorge'
ROCH,Latine,Roche
ROHAN,Indienne,"Ascension, montée"
ROMAIN,Latine,Originaire de Rome
ROMAN,Latine,Originaire de Rome
ROMEO,Italienne,Amoureux
ROMÉO,Latin/Italien,"Pèlerin à Rome, amoureux"
RUBEN,Hébraïque,Voici un fils
RYAD,Arabe,"Jardin, paradis"
RYAN,Irlandaise,Petit roi
RÉMI,Latine,Rameur
SAAD,Arabe,Bonheur
SACHA,Russe,"Diminutif d’Alexandre, 'protecteur de l’humanité'"
SACHA,Russe,Diminutif d'Alexandre/Alexandra
SADIO,Africaine,"Chanceux, prospère"
SAFWAN,Arabe,"Pierre lisse, pureté"
SAHEL,Arabe,"Côte, rivage"
SAID,Arabe,Heureux
SAJID,Arabe,Celui qui se prosterne
SALAH,Arabe,"Vertu, droiture"
SALIM,Arabe,"Paisible, sain et sauf"
SALMAN,Arabe,"Paisible, sûr"
SAM,Hébraïque,"Nom de Dieu, Dieu a entendu"
SAMAËL,Hebraïque,Venin de Dieu
SAMBA,Africaine,Danseur
SAMI,Arabe,"Exalté, élevé"
SAMIR,Arabe,Compagnon de soirée
SAMUEL,Hébraïque,"Nom de Dieu, Dieu a entendu"
SAMY,Arabe,"Exalté, élevé"
SANAD,Arabe,Soutien
SANDRO,Italienne,"Diminutif d’Alexandre, protecteur de l’humanité"
SANTIAGO,Espagnole,Saint Jacques
SANTINO,Italienne,Petit saint
SANTU,Corse,Saint
SASHA,Russe,"Diminutif d’Alexandre, protecteur de l’humanité"
SASHA,Russe,"Diminutif d’Alexandre/Alexandra, protecteur de l’humanité"
SAUL,Hébraïque,"Demandé, prié"
SAVERIU,Corse,Sauveur
SAYAN,Indienne,"Ami, compagnon"
SAÏD,Arabe,Heureux
SEBASTIAN,Greque,"Vénérable, respecté"
SEKOU,Africaine,Chef
SELIM,Arabe,"Paisible, sain et sauf"
SELYAN,Moderne,"Création récente, signification variable"
SEMIH,Turque,"Généreux, noble"
SEVAN,Arménienne,Lac d'Arménie
SEYDINA,Africaine,"Chef, guide spirituel"
SEYDOU,Africaine,Chef
SHAHÏN,Persane,Faucon royal
SHAÏ,Moderne,"Création récente, signification variable"
SIDY,Africaine,"Chef, guide"
SILAS,Latine,Forêt
SIMAO,Portugaise,Dieu a entendu
SIMON,Hébraïque,"Dieu a entendu, exaucé"
SIMÉON,Hebraïque,Dieu a entendu
SOAN,Breton,"Lumière, cadeau (origine incertaine, souvent associé à Elouan)"
SOANN,Moderne,"Création récente, signification variable"
SOFIANE,Arabe,"Pur, clairvoyant"
SOHAN,Indien/Hindou,"Beau, charmant"
SOHANN,Moderne,"Dérivé de Jean, Dieu fait grâce"
SOLAL,Hébraïque,Celui qui prie
SOLAN,Moderne,"Création récente, signification variable"
SOREN,Danoise,"Sévère, strict"
SOUHAYL,Arabe,Étoile brillante
SOUHEYL,Arabe,Étoile brillante
SOULAYMAN,Arabe,"Paix, Salomon"
SOULAYMANE,Arabe,"Paix, Salomon"
SOULEYMAN,Arabe,"Paix, équivalent de Salomon"
SOULEYMANE,Arabe,"Paix, équivalent de Salomon"
SOULEYMEN,Moderne,"Création récente, signification variable"
SOËN,Moderne,"Création récente, signification variable"
STAN,Anglaise,Pierre
STANISLAS,Slavon,Celui qui devient célèbre
SULAYMAN,Arabe,"Paix, Salomon"
SULEYMAN,Arabe,"Paix, Salomon"
SWAN,Anglaise,Cygne
SWANN,Anglaise,Cygne
SÉBASTIEN,Greque,"Vénérable, respecté"
SÖREN,Danoise,Sévère
TAHA,Arabe,Nom d'un chapitre du Coran
TAMIM,Arabe,"Complet, parfait"
TAO,Chinoise,"Longue vie, voie, chemin"
TAYLOR,Anglaise,Fabricant de vêtements
TAYM,Arabe,Dévoué
TAYRON,Moderne,"Création récente, signification variable"
TENZIN,Tibétaine,Défenseur de la doctrine
TEODOR,Greque,Don de Dieu
THAO,Vietnamienne,Gentillesse
THAÏS,Greque,"La belle, la contemplée"
THEO,Greque,"Dieu, don de Dieu"
THIAGO,Portugaise,"Saint Jacques, Dieu protège"
THIAM,Africaine,"Chef, guide"
THIBAULT,Germanique,"Audacieux, hardi"
THIBAUT,Germanique,"Audacieux, hardi"
THIERNO,Africaine,"Chef, guide religieux"
THOMAS,Araméenne,Jumeau
THYAGO,Portugaise,"Saint Jacques, Dieu protège"
THYAM,Moderne,"Création récente, signification variable"
THYMÉO,Moderne,"Création récente, signification variable"
THÉLIO,Moderne,"Création récente, signification variable"
THÉO,Greco-latin,"Dieu, don de Dieu (diminutif de Théodore)"
THÉODORE,Greque,Don de Dieu
THÉOPHILE,Greque,Ami de Dieu
TIAGO,Portugais,"Saint Jacques, Dieu protège"
TIDIANE,Africaine,"Chef, guide spirituel"
TILIO,Moderne,"Création récente, signification variable"
TIM,Anglaise,Celui qui honore Dieu
TIMAËL,Bretonne,Précieux
TIMEO,Greque,Celui qui honore Dieu
TIMOTHÉ,Greque,Qui honore Dieu
TIMOTHÉE,Greco-latin,Qui honore Dieu
TIMUR,Turque,"Fer, fort"
TIMÉO,Greco-latin,Celui qui honore Dieu
TINO,Italienne,"Petit, diminutif de noms italiens"
TITOUAN,Française,Diminutif d'Antoine
TOBIAS,Hébraïque,Dieu est bon
TOM,Araméenne,"Diminutif de Thomas, signifiant 'jumeau'"
TOMAS,Espagnole/Portugaise,Jumeau
TOMMY,Anglaise,"Diminutif de Thomas, jumeau"
TOMY,Anglaise,"Diminutif de Thomas, jumeau"
TONY,Anglaise,Inestimable
TRISTAN,Celtique,"Tumulte, légende arthurienne"
TYAGO,Portugaise,"Saint Jacques, Dieu protège"
TYAM,Moderne,"Création récente, signification variable"
TYLER,Anglaise,Fabricant de tuiles
TYLIO,Moderne,Signification incertaine
TYMÉO,Greque,Honorer Dieu
TÉLIO,Moderne,"Création récente, signification variable"
TÉO,Greque,"Dieu, don de Dieu"
UGO,Italienne,"Esprit, intelligence"
ULYSSE,Grecque,"Colère, héros de l'Odyssée"
URIEL,Hebraïque,Lumière de Dieu
VADIM,Slave,Puissant
VALENTIN,Latine,"Fort, vigoureux"
VALENTINO,Italienne,"Vigoureux, fort"
VALÉRIAN,Latine,"Fort, vigoureux"
VASCO,Portugaise,Corbeau
VICTOR,Latine,"Vainqueur, victorieux"
VIGGO,Scandinave,"Combat, bataille"
VIKTOR,Latine,Vainqueur
VINCENT,Latine,Conquérant
VINCENZO,Italienne,Conquérant
VIRGILE,Latine,"Bâton, rameau"
WAEL,Arabe,"Secours, sauvetage"
WALID,Arabe,Nouveau-né
WARREN,Anglaise,"Gardien, protecteur"
WASSIM,Arabe,"Beau, élégant"
WAËL,Arabe,"Secours, sauvetage"
WAÏL,Arabe,"Secours, sauvetage"
WESLEY,Anglaise,Prairie de l'ouest
WILLIAM,Germanique,Protecteur résolu
WISSAM,Arabe,"Médaillon, distinction"
WYATT,Anglaise,Vaillant au combat
YACINE,Arabe,"Lettre du Coran, signification mystique"
YACOUB,Arabe,"Jacob, supplanteur"
YACOUBA,Africaine,"Jacob, supplanteur"
YAHIA,Arabe,"Jean, Dieu fait grâce"
YAHYA,Arabe,"Jean, Dieu fait grâce"
YAMINE,Arabe,"Bénédiction, prospérité"
YANI,Moderne,"Création récente, signification variable"
YANIS,Hébraïque/Arabe,Dieu fait grâce
YANN,Bretonne,Dieu fait grâce
YANNIS,Greque,Dieu fait grâce
YASIN,Arabe,"Lettre du Coran, signification mystique"
YASSER,Arabe,"Prospère, aisé"
YASSIN,Arabe,Lettre du Coran
YASSINE,Arabe,"Lettre du Coran, signification mystique"
YASSIR,Arabe,Prospère
YAYA,Africaine,Grand frère
YAZAN,Arabe,Nom d'une tribu arabe
YAZID,Arabe,"Croissance, augmentation"
YAËL,Hébraïque,Chèvre sauvage
YIGIT,Turque,"Brave, courageux"
YLAN,Moderne,"Création récente, signification variable"
YOANN,Française,Dieu fait grâce
YOHAN,Française,Dieu est miséricordieux
YOSSEF,Arabe,"Joseph, Dieu ajoute"
YOUCEF,Arabe,"Joseph, Dieu ajoute"
YOUNES,Arabe,"Colombe, Jonas dans la Bible"
YOUNOUS,Arabe,"Jonas, colombe"
YOUNÈS,Arabe,"Jonas, colombe"
YOURI,Slave,"Fermier, cultivateur"
YOUSSEF,Arabe,Dieu ajoute (variante arabe de Joseph)
YOUSSOUF,Arabe,Dieu ajoute (variante arabe de Joseph)
YUNUS,Turque,"Jonas, colombe"
YURI,Slave,"Fermier, cultivateur"
YUSSUF,Arabe,"Joseph, Dieu ajoute"
YUSUF,Arabe,"Joseph, Dieu ajoute"
YVAN,Slave,Dieu fait grâce
ZACHARIE,Hébraïque,Dieu s'est souvenu
ZACHARY,Hebraïque,Dieu s'est souvenu
ZACK,Anglaise,"Diminutif de Zacharie, Dieu s'est souvenu"
ZAKARIA,Arabe,Dieu s'est souvenu (variante arabe de Zacharie)
ZAKARIYA,Arabe,"Zacharie, Dieu s'est souvenu"
ZAKARYA,Arabe,Dieu s'est souvenu
ZAYAN,Arabe,"Beau, gracieux"
ZAYD,Arabe,"Croissance, prospérité"
ZAYN,Arabe,"Beauté, grâce"
ZAÏM,Arabe,"Chef, leader"
ZAÏN,Arabe,"Beauté, grâce"
ZEYD,Arabe,"Croissance, augmentation"
ZEYN,Arabe,"Beauté, grâce"
ZIAD,Arabe,"Croissance, prospérité"
ZION,Hebraïque,Lieu élevé
ZIYAD,Arabe,"Croissance, prospérité"
ZIYED,Arabe,"Croissance, prospérité"
ZYAD,Arabe,"Croissance, prospérité"
ZÉPHYR,Greque,Vent de l'ouest
ÉDEN,Hébraïque,"Délice, paradis"
ÉDOUARD,Anglaise,Gardien des richesses
ÉLI,Hébraïque,Le Seigneur est élevé
ÉLIAS,Hébraïque,Le Seigneur est mon Dieu
ÉLIE,Hébraïque,Le Seigneur est mon Dieu
ÉLIE,Hébraïque,Le Seigneur est élevé
ÉLIO,Greco-latine,Soleil (dérivé d'Hélios)
ÉLIOTT,Anglaise,Le Seigneur est mon Dieu
ÉLOI,Latine,Élu
ÉLYO,Moderne,"Création récente, signification variable"
ÉMILE,Latine,"Rival, émulateur"
ÉMILIO,Italienne,"Rival, émulateur"
ÉTHAN,Hébraïque,"Fort, solide"
ÉTIENNE,Greque,Couronne
ÉZIO,Italienne,Aigle
ÉZÉCHIEL,Hébraïque,Dieu renforce
ÉZÉKIEL,Hébraïque,Dieu renforce
ÖMER,Turque,Longue vie
AALIYAH,Hébraïque/Arabe,"Élevée, noble"
ABBY,Anglaise,Joie du père
ABIGAIL,Hébraïque,Source de joie
ABIGAËL,Hébraïque,Source de joie
ABIGAËLLE,Hébraïque,Source de joie
ABIGAÏL,Hébraïque,Source de joie
ABY,Anglaise,"Diminutif d'Abigail, source de joie"
ABYGAËLLE,Hébraïque,Source de joie
ADA,Germanique,Noble
ADAMA,Africaine/Hébraïque,"Homme, fait de la terre (variante d'Adam)"
ADAMA,Africaine/Hébraïque,"Féminin d'Adam, faite de la terre"
ADELINA,Latine,Noble
ADELINE,Germanique,Noble
ADJA,Africaine,Née un lundi
ADRIA,Latine,Originaire d'Adria
ADRIANA,Latine,Originaire d'Adria
ADÈLE,Germanique,Noble
ADÉLAÏDE,Germanique,De noble lignée
ADÉLIE,Germanique,Noble
AGATHA,Greque,"Bonne, gentille"
AGATHE,Greque,"Bonne, gentille"
AGNÈS,Greque,"Pure, chaste"
AICHA,Arabe,"Vivante, pleine de vie"
AIMÉE,Française,"Aimée, aimée de tous"
AISHA,Arabe,"Vivante, pleine de vie"
AISSATA,Africaine,"Variante d'Aïcha, vivante"
AISSATOU,Africaine,"Variante d'Aïcha, vivante"
AIZAL,Arabe,Précieuse
ALAA,Arabe,"Éminente, élevée"
ALANA,Celtique,"Belle, harmonieuse"
ALAYA,Arabe/Moderne,"Exaltée, élevée"
ALAÏA,Basque,Joie
ALBA,Latine,"Blanche, aube"
ALBANE,Latine,"Originaire d'Albanie, blanche"
ALESSIA,Italienne,"Défenseur, protectrice"
ALEXANDRA,Greque,Protectrice de l'humanité
ALEXIA,Greque,Protectrice
ALEYNA,Turque,"Choisie, préférée"
ALIA,Arabe,"Élevée, noble"
ALICE,Germanique,De noble lignée
ALICIA,Germanique,"Variante d'Alice, noble"
ALIMA,Arabe,"Érudite, savante"
ALINA,Slave/Latine,"Noble, lumineuse"
ALINE,Latine,Noble
ALIX,Germanique,Noble
ALIYA,Arabe/Hébraïque,"Élevée, noble"
ALIYAH,Hébraïque,"Élevée, montée"
ALIZÉE,Française,"Vent doux, alizé"
ALIÉNOR,Greque,"Compassion, lumière"
ALMA,Latine,"Nourricière, bienveillante"
ALWENA,Bretonne,"Joie, lumière"
ALYA,Arabe/Hébraïque,"Céleste, élevée"
ALYAH,Hébraïque/Arabe,"Élevée, noble"
ALYCIA,Anglaise,Noble
ALYNA,Moderne,"Création récente, signification variable"
ALYSSA,Anglaise,"Noble, rationnelle"
AMAL,Arabe,Espoir
AMALIA,Germanique,"Travailleuse, laborieuse"
AMALYA,Moderne,"Travailleuse, laborieuse"
AMANDA,Latine,Qui doit être aimée
AMANDINE,Latine,Digne d'amour
AMANI,Arabe,"Souhaits, aspirations"
AMARA,Latine,Immortelle
AMAYA,Espagnole/Japonaise,"La nuit (basque), pluie nocturne (japonais)"
AMAÏA,Basque,"Fin, fin de la nuit"
AMBER,Anglaise,"Ambre, pierre précieuse"
AMBRE,Arabe/Française,Pierre précieuse (ambre)
AMEL,Arabe,Espoir
AMELIA,Germanique,"Travailleuse, laborieuse"
AMICIE,Latine,Amie
AMINA,Arabe,"Honnête, digne de confiance"
AMINATA,Africaine/Arabe,"Digne de confiance, respectée"
AMIRA,Arabe,"Princesse, chef"
AMNA,Arabe,"Paisible, sûre"
AMY,Anglaise,Aimée
AMÉLIA,Germanique,"Travailleuse, laborieuse"
AMÉLIE,Germanique,Travailleuse
AMÉLYA,Moderne,Travailleuse
ANA,Hébraïque,Grâce
ANAIS,Hébraïque,Grâce
ANASTASIA,Greque,Résurrection
ANAYA,Arabe/Moderne,"Soin, sollicitude"
ANAYAH,Arabe,"Soin, sollicitude"
ANAÉ,Moderne,"Combinaison d'Anna et d'Anaïs, grâce"
ANAË,Moderne,"Dérivé d'Anaïs, grâce"
ANAËLLE,Moderne,"Combinaison d'Anna et d'Elle, grâce"
ANAÏA,Moderne,"Dérivé d'Anna, grâce"
ANAÏS,Hébraïque,Grâce
ANDREA,Italienne,"Variante italienne d'André, 'courageux', 'viril'"
ANDREA,Greque,"Virile, courageuse"
ANDRÉA,Française/Italienne,"Variante d'André, 'courageux', 'viril'"
ANDRÉA,Greque/Latine,"Courageux, viril"
ANGELA,Latine,"Ange, messagère"
ANGELINA,Italienne,"Petit ange, messagère"
ANGHJULINA,Corse,Petit ange
ANGÈLE,Française,"Ange, messagère"
ANGÉLINA,Italienne,Petit ange
ANIA,Slave,Grâce
ANISSA,Arabe,"Amie, proche"
ANITA,Espagnole,Grâce
ANNA,Hébraïque,Grâce
ANNABELLE,Latine,Gracieuse et belle
ANNAËLLE,Moderne,Grâce
ANNE,Hébraïque,Grâce
ANOUCK,Française,Grâce
ANOUK,Française,Grâce
ANTONIA,Latine,Inestimable
ANYA,Russe,Grâce
APOLLINE,Grecque,"Appartenant à Apollon, dieu de la lumière, de la beauté et des arts"
APRIL,Anglaise,"Avril, printemps"
ARIA,Italienne/Latine,"Mélodie, air (musique) ou 'lionne' en hébreu"
ARIANA,Italienne,"Très pure, chaste"
ARIANE,Greque,"Très pure, chaste"
ARIELLE,Hebraïque,Lionne de Dieu
ARWA,Arabe,"Grâce, beauté"
ARWEN,Anglaise,Noble jeune fille
ARYA,Sanskrite/Persane,"Noble, honorable"
ASEL,Arabe,"Doux, agréable"
ASHLEY,Anglaise,Pré du frêne
ASMA,Arabe,"Exaltée, élevée"
ASSA,Africaine,Née un dimanche
ASSETOU,Africaine,Née un samedi
ASSIA,Arabe,"Consolatrice, celle qui soigne"
ASSIL,Arabe,"Noble, d'origine noble"
ASSIL,Arabe,Noble d'origine
ASSILE,Arabe,Noble
ASSIYA,Arabe,"Consolatrice, celle qui soigne"
ASSIYAH,Arabe,"Consolatrice, celle qui soigne"
ASSYA,Arabe,"Consolatrice, celle qui soigne"
ASTOU,Africaine,Née un samedi
ASTRID,Scandinave,"Belle, aimée des dieux"
ASYA,Arabe,Consolatrice
ATHENA,Greque,Déesse de la sagesse
ATHÉNA,Greque,Déesse de la sagesse et de la guerre
ATHÉNAÏS,Greque,Déesse de la sagesse
AUGUSTINE,Latine,"Vénérable, sacrée"
AURORE,Latine,"Aube, lever du soleil"
AVA,Latine/Hébraïque,"Oiseau, ou 'vivante'"
AVRIL,Française,"Mois d'avril, printemps"
AWA,Africaine,"Ève, mère de l'humanité"
AXELLE,Scandinave,Père de la paix
AYA,Arabe/Japonaise,"Merveille, miracle (arabe) ou 'tissu coloré' (japonais)"
AYAH,Arabe,"Miracle, signe"
AYANA,Indienne/Moderne,"Regard, fleur"
AYAT,Arabe,"Verset (du Coran), miracle"
AYESHA,Arabe,"Vivante, pleine de vie"
AYLA,Turque/Hébraïque,"Lune, halo de lumière"
AYLEEN,Anglaise,Lumière
AYLIN,Turque,"Lune, halo de lumière"
AYLINE,Turque/Moderne,"Lune, éclat de lune"
AYNA,Arabe,"Source, fontaine"
AYSHA,Arabe,Vivante
AYZAL,Arabe,Précieuse
AZRA,Arabe,"Vierge, pure"
AZZURRA,Italienne,Bleue
AZÉLIE,Française,"Diminutif d'Azélie, noble"
AËLA,Bretonne,Ange
AËLYA,Moderne,"Création récente, signification variable"
AËLYS,Moderne,"Création récente, signification variable"
AÏCHA,Arabe,"Vivante, pleine de vie"
AÏDA,Arabe,"Visite, récompense"
AÏNA,Arabe,"Regard, source"
AÏSHA,Arabe,"Vivante, pleine de vie"
AÏSSA,Arabe,Jésus (dans le Coran)
AÏSSATA,Africaine,"Variante d'Aïcha, vivante"
AÏSSATOU,Africaine,"Variante d'Aïcha, vivante"
BAHATI,Africaine,Chance
BASMA,Arabe,Sourire
BAYA,Africaine,"Belle, grande"
BAYANE,Arabe,Éloquence
BEATRICE,Latine,"Heureuse, qui apporte le bonheur"
BELLA,Italienne,Belle
BERTILLE,Germanique,"Brillante, illustre"
BIANCA,Italienne,"Blanche, pure"
BILLIE,Anglaise,"Diminutif de William, protecteur résolu"
BINTA,Africaine,Fille
BINTOU,Africaine,"Fille, fille aînée"
BLANCHE,Française,"Blanche, pure"
BLEUENN,Bretonne,Petite fleur bleue
BRUNE,Française,"Brune, couleur sombre"
BÉRÉNICE,Greque,Porteuse de victoire
CALI,Moderne,"Création récente, signification variable"
CALIE,Française/Moderne,"Belle, gracieuse"
CALISTA,Greque,La plus belle
CALLIE,Anglaise,Belle
CALYPSO,Greque,"Cacher, dissimuler"
CAMELIA,Latine,Fleur
CAMILA,Espagnole,"Jeune assistante, noble"
CAMILIA,Latine,Jeune assistante
CAMILLA,Latine,Jeune assistante
CAMÉLIA,Latine,"Fleur, symbole d'admiration"
CANDICE,Latine,"Pure, éclatante"
CAPUCINE,Française,"Fleur (capucine), symbole de gaieté"
CARLA,Italienne,"Forte, virile"
CARMEN,Latine,"Chant, poème"
CASSANDRA,Greque,Prophétesse
CASSANDRE,Greque,Prophétesse
CASSIE,Anglaise,"Pure, chaste"
CASSIOPÉE,Greque,Nom d'une constellation
CASSY,Anglaise,Pure
CASTILLE,Française,Région historique d'Espagne
CATALEYA,Espagnole/Moderne,Fleur d'orchidée
CATALINA,Espagnole,Pure
CELIA,Latine,"Céleste, du ciel"
CELINE,Latine,Céleste
CHARLINE,Française,"Petite Charles, forte, vigoureuse"
CHARLIZE,Anglaise,"Petite Charles, forte"
CHARLOTTE,Française/Germanique,"Féminin de Charles, 'forte', 'vigoureuse'"
CHAÏMA,Arabe,"Beauté, marque de beauté"
CHELSEA,Anglaise,Port maritime
CHIARA,Italienne,"Claire, lumineuse"
CHJARA,Corse,Fleur
CHLOÉ,Grecque,"Jeune pousse, verdure, fertilité"
CLAIRE,Latine,"Claire, brillante"
CLARA,Latine,"Claire, brillante"
CLARISSE,Latine,"Claire, brillante"
CLOTILDE,Germanique,Combat célèbre
CLOÉ,Greque,Jeune pousse
CLÉA,Greque,Gloire
CLÉMENCE,Latine,"Douceur, indulgence"
CLÉMENTINE,Latine,"Douceur, indulgence"
CLÉO,Greque,Gloire
COLETTE,Française,Victoire du peuple
COLINE,Française,Victoire du peuple
COLOMBE,Latine,"Colombe, paix"
CONSTANCE,Latine,"Fermeté, persévérance"
COUMBA,Africaine,Fille
CYLIA,Moderne,"Création récente, signification variable"
CÉCILE,Latine,"Aveugle (sens originel), patronne des musiciens"
CÉLESTE,Latine,"Qui vient du ciel, céleste"
CÉLESTINE,Latine,"Céleste, du ciel"
CÉLIA,Latine,"Céleste, du ciel"
CÉLINE,Latine,Céleste
CÉLYA,Latine,Céleste
DADO,Africaine,Fille
DAHLIA,Scandinave,Fleur
DALIA,Arabe,Branche
DALYA,Arabe,Branche
DANA,Hébraïque,Jugée
DANIA,Arabe,"Proche, voisine"
DANIELA,Hébraïque,Dieu est mon juge
DANIELLA,Hébraïque,Dieu est mon juge
DANYA,Hébraïque,Dieu est mon juge
DAPHNÉ,Greque,Laurier
DAPHNÉE,Greque,Laurier
DARIA,Persane,"Possesseur, riche"
DAYANA,Latine,Divine
DAYENA,Moderne,"Création récente, signification variable"
DAYNA,Anglaise,De la vallée
DELIA,Greque,De l'île de Délos
DELYA,Moderne,"Création récente, signification variable"
DEVA,Indienne,Déesse
DEYNA,Moderne,"Création récente, signification variable"
DIANA,Latine,Déesse de la chasse et de la lune
DIANE,Latine,Déesse de la chasse et de la lune
DIEYNABA,Africaine,Fille noble
DINA,Hébraïque,"Jugée, justice"
DJAMILA,Africaine,Belle
DJENA,Africaine,Ville
DJENEBA,Africaine,Fille noble
DJENNA,Africaine,Ville
DJENNAH,Arabe,Paradis
DOMITILLE,Latine,Appartenant à la maison Domitius
DOUNIA,Arabe,"Monde, vie"
DUNE,Française,"Dune, colline de sable"
DÉLIA,Greque,De l'île de Délos
EDEN,Hébraïque,"Délice, paradis"
EILEEN,Anglaise,"Belle, éclat du soleil"
ELA,Hébraïque,"Chêne, arbre"
ELAIA,Greque,Olive
ELAÏA,Greque,Olive
ELEA,Greque,Lumière
ELEANOR,Anglaise,"Compassion, lumière"
ELENA,Greco-latine,"Lumière, éclat du soleil"
ELIA,Hébraïque,Le Seigneur est mon Dieu
ELIANA,Hébraïque,Dieu a répondu
ELIE,Hébraïque,Le Seigneur est mon Dieu
ELIE,Hébraïque,Le Seigneur est élevé
ELIF,Turque,Première lettre de l'alphabet arabe
ELINA,Greque,"Lumière, éclat du soleil"
ELINE,Scandinave,"Tilleul, éclat du soleil"
ELIORA,Hébraïque,Dieu est ma lumière
ELISA,Hébraïque,Dieu est serment
ELISABETH,Hébraïque,Dieu est serment
ELISE,Hébraïque,Dieu est serment
ELISSA,Phénicienne,"Reine, fondatrice de Carthage"
ELIYAH,Hébraïque,Le Seigneur est mon Dieu
ELIZ,Anglaise,"Diminutif d'Elizabeth, Dieu est serment"
ELIZA,Anglaise,"Diminutif d'Elizabeth, Dieu est serment"
ELIZABETH,Hébraïque,Dieu est serment
ELLA,Germanique/Anglaise,"Fée, toute jeune fille, lumière"
ELLIE,Anglaise,"Diminutif d'Eleanor ou Elena, 'lumière'"
ELLY,Anglaise,"Diminutif d'Eleanor ou Helen, lumière"
ELOÏSE,Greque,"Soleil, santé"
ELSA,Hébraïque,Dieu est serment
ELYA,Hébraïque,Dieu a répondu
ELYAH,Moderne,"Création récente, signification variable"
ELYANA,Moderne,Dieu a répondu
ELYNA,Moderne,"Lumière, éclat du soleil"
ELYNE,Moderne,"Lumière, éclat du soleil"
ELYSSA,Latine,Noble
ELÉA,Greque,"Lumière, éclat du soleil"
ELÉANORE,Greque,"Compassion, lumière"
ELÉNA,Greco-latine,"Lumière, éclat du soleil"
ELÉONORE,Greque,"Compassion, lumière"
EMA,Allemande,Universelle
EMIE,Allemande,Travailleuse
EMILIA,Latine,"Rival, émulateur"
EMILIANA,Latine,"Rival, émulateur"
EMILIE,Latine,"Rival, émulateur"
EMILY,Latine,Rival
EMMA,Germanique,"Universelle, entière"
EMMANUELLA,Latine,Dieu est avec nous
EMMANUELLE,Latine,Dieu est avec nous
EMMIE,Anglaise,"Diminutif d'Emma, universelle"
EMMY,Anglaise/Allemande,"Travailleuse, rivale"
EMNA,Arabe/Moderne,"Paix, qui croit"
EMY,Anglaise,"Diminutif d'Emily, 'rival', 'émulatrice'"
ENAYA,Arabe,"Souci de l'autre, sollicitude"
ENEA,Italienne,"Loué, digne de louange"
ENOLA,Amérindienne,"Solitaire, émancipée"
ENORA,Bretonne,Honneur
ERELL,Bretonne,Lumière
ERIN,Irlandaise,"Paix, Irlande"
ESLEM,Arabe,Soumission à Dieu
ESMA,Arabe,"Précieuse, estimée"
ESMÉ,Française,"Aimée, estimée"
ESMÉE,Latine/Française,"Aimée, estimée, issue du latin 'amatus' et du vieux français 'esmer' ('aimer', 'estimer')"
ESRA,Turque,Voyage nocturne
ESTELLE,Latine,Étoile
ESTHER,Hébraïque,Étoile
ETHEL,Anglaise,Noble
EUGÉNIE,Greque,"Bien née, noble"
EVA,Hébraïque,"Vie, vivante"
EVE,Hébraïque,Vie
EVY,Anglaise,"Vie, vivante"
EYA,Arabe,"Merveille, signe"
FANNY,Anglaise,Libre
FANTA,Africaine,"Reine, noble"
FARAH,Arabe,"Joie, bonheur"
FATIM,Arabe,Fille du prophète
FATIMA,Arabe,"Fille du prophète, celle qui sevrera son enfant"
FATIMA-ZAHRA,Arabe,"Fille du prophète, lumineuse"
FATIMATA,Africaine,Fille du prophète
FATMA,Arabe,Fille du prophète
FATOU,Africaine,"Diminutif de Fatoumata, respectée"
FATOUMATA,Africaine/Musulmane,"Variante de Fatima, respectée"
FAUSTINE,Latine,"Heureuse, chanceuse"
FAÏNA,Moderne,"Création récente, signification variable"
FIRDAWS,Arabe,"Paradis, jardin céleste"
FLAVIE,Latine,"Blonde, dorée"
FLEUR,Française,Fleur
FLORA,Latine,Fleur
FLORE,Latine,Fleur
FRANCESCA,Italienne,"Française, libre"
FREYA,Nordique,Déesse de l'amour
FÉLICIA,Latine,Heureuse
FÉLICIE,Latine,Heureuse
GABRIELA,Italienne,Force de Dieu
GABRIELLA,Italienne,Force de Dieu
GABRIELLE,Hébraïque,Force de Dieu
GABY,Latine,Force de Dieu
GAIA,Greque,"Terre, déesse de la terre"
GARANCE,Française,"Plante tinctoriale rouge, couleur vive"
GAËLLE,Bretonne,"Généreuse, joyeuse"
GAÏA,Greque,"Terre, déesse de la terre"
GEMMA,Latine,Pierre précieuse
GEORGIA,Greque,Travailleuse de la terre
GHALIA,Arabe,Précieuse
GHITA,Arabe,Perle
GHJULIA,Corse,"Jeune, fille de Jupiter"
GIA,Italienne,Dieu fait grâce
GIANNA,Italienne,Dieu fait grâce
GINA,Italienne,"Reine, pure"
GIOIA,Italienne,Joie
GIORGIA,Italienne,Travailleuse de la terre
GISÈLE,Germanique,Promesse
GIULIA,Italienne,"Variante italienne de Julie, 'jeune', 'dédiée à Jupiter'"
GIULIANA,Italienne,"Jeune, enfant de Jupiter"
GIULYA,Italienne,"Jeune, fille de Jupiter"
GLORIA,Latine,Gloire
GOUNDO,Africaine,Fille noble
GRACE,Anglaise,Grâce
GRÂCE,Française,Grâce
HABY,Africaine,Joie
HADASSA,Hébraïque,Myrte
HADJA,Arabe,Pèlerine
HAFSA,Arabe,Jeune lionne
HAILEY,Anglaise,Prairie du faucon
HAJAR,Arabe,"Pierre, épouse d'Abraham"
HALIMA,Arabe,"Douce, patiente"
HANA,Hébraïque/Arabe/Japonaise,"Grâce (hébreu), bonheur (arabe), fleur (japonais)"
HANAA,Arabe,"Bonheur, félicité"
HANAÉ,Japonaise,Fleur
HANAË,Japonaise,Fleur
HANIA,Arabe,Heureuse
HANNA,Hébraïque,Grâce
HANNAH,Hébraïque,Grâce
HAWA,Arabe/Africaine,"Eve, mère de l'humanité"
HAYA,Arabe,Vie
HAZAL,Turque,Noisette
HAZEL,Anglaise,Noisette
HELENA,Greque,"Lumière, éclat du soleil"
HIBA,Arabe,Don
HIDAYA,Arabe,"Guidance, droiture"
HILONA,Moderne,"Création récente, signification variable"
HINA,Japonaise,Lune
HIND,Arabe,"Groupe de cent chameaux, Inde"
HOPE,Anglaise,Espoir
HORTENSE,Latine,"Jardin, hortensia"
HÉLIA,Greque,Soleil
HÉLOÏSE,Greco-latine,"Soleil, santé, ou 'très célèbre'"
HÉLYA,Moderne,"Création récente, signification variable"
HÉLÈNA,Greque,"Lumière, éclat du soleil"
HÉLÈNE,Greque,"Lumière, éclat du soleil"
HÉLÉNA,Greque,"Lumière, éclat du soleil"
IBTISSEM,Arabe,Sourire
IDA,Germanique,"Travailleuse, active"
ILANA,Hébraïque,Arbre
ILEF,Arabe,"Intimité, familiarité"
ILIANA,Greque,Lumière
ILINCA,Roumaine,Lumière
ILINE,Moderne,"Création récente, signification variable"
ILONA,Hongroise,"Lumière, éclat du soleil"
ILYANA,Arabe/Moderne,"Lumineuse, éclatante"
ILYANNA,Moderne,"Création récente, signification variable"
IMANE,Arabe,Foi
IMANI,Swahili,Foi
IMANY,Africaine,"Foi, confiance"
IMEN,Arabe,Foi
INA,Scandinave,Pure
INAYA,Arabe,"Souci de l'autre, sollicitude"
INAYAH,Arabe,"Souci de l'autre, sollicitude"
INAÏA,Moderne,"Création récente, signification variable"
INDIA,Anglaise,Inde
INES,Hébraïque/Espagnole,"Chaste, pure"
INSAF,Arabe,Justice
INTISSAR,Arabe,Victoire
INÈS,Hébraïque/Espagnole,"Chaste, pure"
IRINA,Russe,Paix
IRIS,Grecque,"Arc-en-ciel, messagère des dieux"
IRYS,Greque,Arc-en-ciel
IRÈNE,Greque,Paix
ISABELLA,Italienne,Dieu est serment
ISABELLE,Hébraïque,Dieu est serment
ISAURE,Latine,Originaire d'Isaurie
ISIA,Moderne,"Création récente, signification variable"
ISIS,Égyptienne,Déesse de la vie et de la magie
ISRA,Arabe,Voyage nocturne
ISRAA,Arabe,Voyage nocturne
IVY,Anglaise,Lierre
IZIA,Moderne,"Diminutif d'Isaure, originaire d'Isaurie"
IZÏA,Moderne,"Diminutif d'Isaure, originaire d'Isaurie"
JADE,Espagnole/Française,Pierre précieuse verte
JANA,Arabe,"Paradis, jardin"
JANE,Anglaise,Dieu fait grâce
JANELLE,Française/Anglaise,Dieu fait grâce
JANNA,Arabe,"Paradis, jardin"
JANNAH,Arabe,"Paradis, jardin"
JANNAT,Arabe,"Paradis, jardin"
JASMINE,Persane,Fleur de jasmin
JAYA,Indienne,Victoire
JEANNE,Hébraïque,Dieu fait grâce
JENA,Anglaise/Moderne,"Petit oiseau, ou création récente"
JENNA,Anglaise/Arabe,"Paradis (arabe), petite colline (anglais)"
JENNAH,Arabe,"Paradis, jardin"
JESSICA,Hébraïque,Dieu regarde
JIHANE,Arabe,Monde
JINANE,Arabe,"Jardin, paradis"
JOANA,Portugaise,Dieu fait grâce
JOANNA,Anglaise,Dieu fait grâce
JOANNE,Anglaise,Dieu fait grâce
JODIE,Anglaise,"Louée, de Judea"
JOEY,Anglaise,Dieu est miséricordieux
JOEY,Anglaise,"Diminutif de Josephine, Dieu ajoutera"
JOHANNA,Hébraïque,Dieu fait grâce
JOSÉPHINE,Hébraïque,Dieu ajoutera
JOUD,Arabe,Générosité
JOUDIA,Arabe,Générosité
JOY,Anglaise,Joie
JOYCE,Anglaise,Joie
JUDITH,Hébraïque,Femme de Judée
JULIA,Latine,"Jeune, fille de Jupiter"
JULIANA,Latine,Jeune
JULIE,Latine,"Jeune, fille de Jupiter"
JULIETTE,Latine,"Petite Julie, 'jeune', 'dédiée à Jupiter'"
JULINE,Française,"Jeune, enfant de Jupiter"
JULYA,Moderne,"Variante de Julia, jeune"
JUNE,Anglaise,"Juin, jeunesse"
JUSTINE,Latine,"Juste, équitable"
KADIATOU,Africaine,"Fille, respectée"
KADIDIATOU,Africaine,Fille respectée
KADIDJA,Arabe,Première épouse du prophète
KADY,Africaine,Fille
KAMELIA,Latine,"Fleur, camélia"
KAMILA,Arabe,"Parfaite, accomplie"
KAMILIA,Latine,"Fleur, camélia"
KAMÉLIA,Latine,"Fleur, camélia"
KATALEYA,Espagnole/Moderne,Fleur d'orchidée
KAWTAR,Arabe,"Abondance, rivière du paradis"
KAWTHAR,Arabe,"Abondance, rivière du paradis"
KAYCIE,Anglaise,"Vigilante, attentive"
KAYLA,Anglaise/Hébraïque,"Pure, couronne de laurier"
KAYLEE,Anglaise,"Clair, prairie"
KAYNA,Arabe,Créatrice
KAËLYS,Moderne,"Création récente, signification variable"
KAÏLA,Arabe,Couronne de laurier
KAÏNA,Arabe,Créatrice
KELLY,Irlandaise,Guerrier
KELYA,Breton/Moderne,"Dérivé féminin de Kelly ou prénom moderne, signification incertaine"
KENAYA,Moderne,"Création récente, signification variable"
KENZA,Arabe,Trésor
KEREN,Hébraïque,Rayon de lumière
KESSY,Moderne,"Création récente, signification variable"
KEYLA,Anglaise,Couronne de laurier
KEYNA,Moderne,"Création récente, signification variable"
KEÏSSY,Moderne,"Création récente, signification variable"
KHADIDJA,Arabe,Première épouse du prophète
KHADIJA,Arabe,"Première épouse du prophète, prématurée"
KHADY,Africaine,Respectée
KHALISSA,Arabe,Pure
KHEIRA,Arabe,Bienfaitrice
KIARA,Italienne,"Claire, lumineuse"
KIMIA,Persane,"Potion, élixir"
KIMYA,Persane,"Potion, élixir"
KIRA,Russe,"Seigneur, souveraine"
KOROTOUM,Africaine,Fille noble
KYARA,Italienne,"Claire, lumineuse"
KYLIE,Anglaise,"Boomerang, gracieux"
KÉLYA,Moderne,"Création récente, signification variable"
LAHNA,Arabe,Bénédiction
LAIA,Catalane,"Claire, lumineuse"
LALYA,Moderne,"Création récente, signification variable"
LANA,Slavon/Anglais,"Lumière, ou 'petite laine'"
LARA,Latine/Russe,"Protégée, joyeuse"
LAURA,Latine,"Laurier, victoire"
LAURE,Latine,Laurier
LAYA,Arabe/Moderne,"Noble, souveraine"
LAYAH,Arabe,Douceur
LAYAL,Arabe,Nuits
LAYAN,Arabe,"Douce, tendre"
LAYANA,Arabe/Moderne,"Douce, tendre"
LAYANAH,Arabe,Douceur
LAYANE,Arabe,"Douce, tendre"
LAYANNA,Moderne,"Création récente, signification variable"
LAYEL,Arabe,Nuit
LAYLA,Arabe,Nuit
LAYNA,Moderne,"Création récente, signification variable"
LAÏA,Moderne,"Création récente, signification variable"
LAÏLA,Arabe,Nuit
LAÏNA,Moderne,"Création récente, signification variable"
LEA,Hébraïque,"Fatiguée, lionne"
LEEWANE,Moderne,"Création récente, signification variable"
LEHNA,Arabe,Bénédiction
LEIA,Hébraïque,"Fatiguée, lionne"
LEILA,Arabe,Nuit
LENA,Greco-latine,"Lumière, éclat du soleil"
LEONOR,Greque,"Compassion, lumière"
LERIA,Moderne,"Création récente, signification variable"
LETICIA,Latine,Joie
LEXIE,Anglaise,Défenseur de l'humanité
LEYA,Arabe/Moderne,"Loyale, fidèle"
LEYAH,Moderne,"Création récente, signification variable"
LEYANA,Moderne,"Création récente, signification variable"
LEYLA,Arabe,Nuit
LEYNA,Moderne,"Lumière, douce"
LEÏA,Hébraïque,"Fatiguée, lionne"
LEÏLA,Arabe,Nuit
LEÏNA,Moderne,"Création récente, signification variable"
LEÏYA,Moderne,"Création récente, signification variable"
LIA,Hébraïque,"Fatiguée, lionne"
LIANA,Latine,"Liée, vigne grimpante"
LILA,Arabe/Sanskrite,"Nuit (arabe), jeu, amusement (sanskrit)"
LILAS,Française,"Fleur, lilas"
LILI,Française,Lys
LILIA,Latine,"Lys, pureté"
LILIANE,Latine,Lys
LILLY,Anglaise,"Lys, pureté"
LILOU,Française,"Diminutif de Lily ou Louise, lys"
LILWENN,Bretonne,Lys blanc
LILY,Anglaise,"Lys, symbole de pureté"
LILY-ROSE,Anglaise/Française,"Lys et rose, pureté et amour"
LILYA,Arabe/Moderne,"Lys, pureté"
LINA,Arabe/Latine,"Tendre, délicate, ou 'palme'"
LINDA,Espagnole/Portugaise,Belle
LINDSAY,Anglaise,Île du tilleul
LINE,Française,"Diminutif de Caroline, noble"
LISA,Hébraïque,Dieu est serment
LISE,Hébraïque,Dieu est serment
LISON,Française,Diminutif d'Élise ou Élison
LIV,Scandinave,Vie
LIVIA,Latine,"Envie, bleuâtre, ou variante de Olivia"
LIYA,Hébraïque,Je suis à Dieu
LIYAH,Moderne,"Création récente, signification variable"
LIYANA,Arabe,"Douceur, tendresse"
LIZÉA,Moderne,"Création récente, signification variable"
LOANE,Bretonne,Lumière
LOLA,Espagnole,"Diminutif de Dolorès, 'douleur' (référence à la Vierge Marie)"
LORENA,Espagnole,Couronnée de laurier
LOU,Française/Anglaise,"Diminutif de Louise ou Louis, 'illustre au combat'"
LOU,Germanique,"Guerrier célèbre, diminutif de Louise ou Louis"
LOU,Française,"Diminutif de Louis/Louise, illustre au combat"
LOUANA,Moderne,"Création récente, signification variable"
LOUANE,Française,"Lumière, douce"
LOUBNA,Arabe,"Arbre, résine"
LOUCIA,Moderne,"Création récente, signification variable"
LOUISA,Germanique,Illustre au combat
LOUISE,Germanique,"Glorieuse combattante, illustre au combat"
LOUISON,Française,"Diminutif de Louis/Louise, illustre au combat"
LOUNA,Hawaïenne/Latine/Arabe,"Heureuse, exaltée (hawaïen) ; 'lune' (latin) ; peut aussi venir de l'arabe 'faucon'"
LOÏS,Française,"Diminutif de Louis/Louise, illustre au combat"
LOÏS,Française,Fameux combattant
LUANA,Portugaise,"Grâce, lumière"
LUCE,Latine,Lumière
LUCIA,Latine,Lumière
LUCIANA,Latine,Lumière
LUCIE,Latine,Lumière
LUCILE,Latine,Lumière
LUCY,Anglaise,Lumière
LUISA,Italienne,Illustre au combat
LUNA,Latine,"Lune, celle qui se rapporte à la lune"
LYA,Hebraïque/Moderne,"Diminutif d'Aaliyah ou d'Elia, signifiant 'élevée', 'Dieu est mon Seigneur'"
LYAH,Moderne,"Création récente, signification variable"
LYANA,Arabe/Moderne,"Dérivé de Liana ou Leana, 'douce', 'tendre', ou 'éveillée'"
LYANNA,Moderne,"Combinaison de prénoms, signification variable"
LYCIA,Moderne,"Création récente, signification variable"
LYDIA,Greque,De Lydie
LYLA,Anglaise,"Lys, pureté"
LYLIA,Arabe,"Lys, pureté"
LYLOU,Française,"Diminutif de Lily ou Louise, lys"
LYNA,Arabe/Latine,"Tendre, délicate, ou 'palme'"
LYNE,Française,"Diminutif de Caroline, noble"
LYNN,Anglaise,"Lac, cascade"
LYRA,Greque,"Lyre, constellation"
LYSE,Française,"Lys, pureté"
LYVIA,Latine,Olive
LYZÉA,Moderne,"Création récente, signification variable"
LÉA,Hébraïque,"Fatiguée, mais aussi 'lionne' ou 'vache sauvage'"
LÉANA,Moderne,"Lumière, douce"
LÉANE,Moderne,"Lumière, douce"
LÉANNE,Moderne,"Création récente, signification variable"
LÉNA,Greco-latine,"Lumière, éclat du soleil"
LÉNAËLLE,Moderne,"Création récente, signification variable"
LÉONA,Latine,Lionne
LÉONIE,Latine,"Fille du lion, force"
LÉONORE,Greque,"Compassion, lumière"
LÉONTINE,Latine,Petite lionne
LÉYA,Arabe,"Loyale, fidèle"
LÉÏA,Hébraïque,"Fatiguée, lionne"
LÙCIA,Italienne,Lumière
LÙNA,Latine,Lune
MADDALENA,Italienne,Originaire de Magdala
MADDIE,Anglaise,"Diminutif de Madeleine, tour"
MADDY,Anglaise,"Diminutif de Madeleine, tour"
MADELEINE,Hébraïque,Originaire de Magdala
MADELINE,Anglaise,Originaire de Magdala
MADINA,Arabe,Ville sainte
MADY,Moderne,"Création récente, signification variable"
MADY,Anglaise,Diminutif de Madeleine
MAELYS,Bretonne,"Princesse, chef"
MAEVA,Polynésienne,Bienvenue
MAHAULT,Germanique,Force dans le combat
MAHAUT,Allemande,Force dans le combat
MAHÉE,Bretonne,"Forme bretonne de Matthieu, don de Dieu"
MAIMOUNA,Arabe,Bénie
MALAK,Arabe,Ange
MALAÏKA,Africaine,Ange
MALIA,Hawaïenne,"Calme, sereine"
MALIKA,Arabe,Reine
MALIZA,Moderne,"Création récente, signification variable"
MALYA,Moderne,"Dérivé de Malia, calme"
MALYAH,Moderne,"Création récente, signification variable"
MALÏA,Hawaïenne,"Calme, sereine"
MAMA,Africaine,Mère
MAME,Africaine,Mère
MANEL,Arabe,"Don, cadeau"
MANON,Hébraïque/Française,"Diminutif de Marie ou Marianne, 'celle qui élève', 'aimée de Dieu'"
MANËL,Arabe,Don de Dieu
MARA,Hébraïque,Amertume
MARAM,Arabe,"Espoir, souhait"
MARGAUX,Greque,Perle
MARGOT,Greque,Perle
MARGUERITE,Greque,Perle
MARIA,Hébraïque/Latine,"Celle qui élève, aimée de Dieu"
MARIAM,Hébraïque/Arabe,"Celle qui élève, aimée de Dieu"
MARIAMA,Africaine,"Marie, celle qui élève"
MARIAME,Africaine,"Marie, celle qui élève"
MARIANA,Latine,Étoile de la mer
MARIANNE,Latine,Étoile de la mer
MARIE,Hébraïque,"Celle qui élève, aimée de Dieu"
MARIEM,Arabe,"Marie, celle qui élève"
MARILOU,Française,Marie et Louise
MARINA,Latine,De la mer
MARION,Française,Petite Marie
MARIYA,Slave,"Marie, celle qui élève"
MARLEY,Anglaise,Clairière agréable
MARTA,Espagnole,Dame
MARTHA,Araméenne,Dame
MARTHE,Araméenne,Dame
MARWA,Arabe,"Pierre blanche, quartz"
MARYA,Arabe,"Marie, celle qui élève"
MARYAM,Arabe/Hébraïque,"Celle qui élève, aimée de Dieu"
MARYLOU,Française,Marie et Louise
MATHILDA,Germanique,Force dans le combat
MATHILDE,Germanique,Force dans le combat
MATILDE,Espagnole/Italienne,Force dans le combat
MAUD,Allemande,Force dans le combat
MAWA,Arabe,"Refuge, abri"
MAXIME,Latine,Le plus grand
MAXIME,Latine,Le plus grand'
MAXIME,Latine,Le plus grand
MAXINE,Latine,La plus grande
MAY,Anglaise,Le mois de mai
MAYA,Hébraïque/Indienne/Greque,"Eau (hébreu), illusion (sanskrit), déesse grecque"
MAYANE,Moderne,"Création récente, signification variable"
MAYAR,Arabe,Lumière de la lune
MAYLINE,Moderne,"Création récente, signification variable"
MAYLIS,Française,Marie et Lys
MAYMOUNA,Africaine,"Bénie, chanceuse"
MAYNA,Moderne,"Création récente, signification variable"
MAYRA,Espagnole,Admirable
MAYSSA,Arabe,"Marche fière, gracieuse"
MAYSSANE,Arabe,Marche fière
MAÉ,Breton,"Forme courte de Maël ou de Marie (""prince"
MAÉ,Breton,"Forme courte de Maël ou Marie, 'prince, chef' ou 'aimée de Dieu'"
MAÉ,Française/Bretonne,"Princesse, chef"
MAË,Bretonne,"Princesse, chef"
MAË,Française/Bretonne,"Princesse, chef"
MAËLIA,Moderne,"Création récente, signification variable"
MAËLIE,Moderne,"Princesse, chef"
MAËLINE,Moderne,"Création récente, signification variable"
MAËLLE,Bretonne,"Princesse, chef"
MAËLY,Moderne,"Princesse, chef"
MAËLYA,Moderne,"Princesse, chef"
MAËLYNE,Moderne,"Création récente, signification variable"
MAËLYS,Bretonne,"Princesse, chef"
MAËNA,Moderne,"Création récente, signification variable"
MAËVA,Polynésienne,Bienvenue
MAÏA,Greque/Hébraïque,"Mère, nourricière, ou 'eau'"
MAÏMOUNA,Africaine,"Bénie, chanceuse"
MAÏNA,Moderne,"Lune, douce"
MAÏRA,Moderne,"Création récente, signification variable"
MAÏSSA,Arabe,"Douce, paisible"
MAÏSSANE,Arabe,Marche fière
MAÏWENN,Bretonne,Marie bénie
MELEK,Turque,Ange
MELINA,Greque,Miel
MELISSA,Greque,Abeille
MELYA,Moderne,"Création récente, signification variable"
MENCIA,Espagnole,Merci
MERIAM,Arabe,"Marie, celle qui élève"
MERIEM,Arabe,"Marie, celle qui élève"
MERYEM,Arabe,"Marie, celle qui élève"
MERYL,Anglaise,"Brillante, perle"
MEVA,Bretonne,Bienheureuse
MEYLIE,Moderne,"Création récente, signification variable"
MEÏLY,Moderne,"Création récente, signification variable"
MIA,Scandinave/Italienne,"Mienne, ou diminutif de Maria"
MIHRA,Persane,Soleil
MILA,Slave,"Aimée du peuple, chère, gracieuse"
MILANA,Slave,"Gracieuse, aimée"
MILENA,Slave,"Gracieuse, aimée"
MILLA,Espagnole,Travailleuse
MILÉNA,Slave,"Gracieuse, aimée"
MINA,Allemande/Arabe,"Amour, poisson, ou lumière"
MIRA,Latine/Slave,"Admirable, paix"
MIRAL,Arabe,"Miroir, reflet"
MIRIAM,Hébraïque,"Celle qui élève, aimée de Dieu"
MIYA,Japonaise,"Temple, sanctuaire"
MOANA,Polynésienne,Océan
MOLLY,Anglaise,"Diminutif de Mary, amertume"
MONA,Latine,"Unique, solitaire"
MONICA,Latine,Conseillère
MORGANE,Bretonne,De la mer
MOÏRA,Greque,Destin
MYA,Anglaise/Moderne,"Diminutif de Maria ou Maya, signifiant 'mienne' ou 'eau'"
MYLA,Anglaise,Aimée du peuple
MYRIAM,Hébraïque,"Celle qui élève, aimée de Dieu"
MÉDINA,Arabe,Ville sainte
MÉLIA,Greque,"Travailleuse, douce"
MÉLINA,Greque,Miel
MÉLINE,Greque,Miel
MÉLISSA,Greque,Abeille
MÉLODIE,Française,"Mélodie, musique"
MÉLODY,Anglaise,"Mélodie, musique"
MÉLYA,Moderne,"Création récente, signification variable"
MÉRYL,Anglaise,"Brillante, perle"
MÏA,Scandinave/Italienne,"Mienne, ou diminutif de Maria"
NADA,Arabe,"Générosité, rosée"
NADIA,Slave,Espoir
NADINE,Latine,Espoir
NADJIDA,Arabe,Courageuse
NAHIA,Basque,"Désir, souhait"
NAILA,Arabe,"Celle qui obtient, qui atteint"
NAIMA,Arabe,"Paisible, sereine"
NALYA,Moderne,"Création récente, signification variable"
NAOMI,Hébraïque,"Mon plaisir, ma joie"
NAOMIE,Hébraïque,"Mon plaisir, ma joie"
NASMA,Arabe,Brise légère
NASRA,Arabe,Victoire
NAVA,Hébraïque,"Belle, agréable"
NAWEL,Arabe,"Cadeau, don"
NAYA,Indienne/Arabe,"Renouvellement, nouvelle"
NAYAH,Arabe,Nouvelle
NAYLA,Arabe,"Celle qui obtient, qui atteint"
NAYRA,Arabe,Lumière
NAZRA,Arabe,"Regard, vue"
NAËLLE,Moderne,Cadeau de Dieu
NAËLYA,Moderne,"Création récente, signification variable"
NAÏA,Moderne,"Dérivé de Naïade, nymphe de l'eau"
NAÏLA,Arabe,"Celle qui obtient, qui atteint"
NAÏMA,Arabe,Paisible
NAÏRA,Moderne,"Création récente, signification variable"
NAÏS,Française,"Diminutif d'Anaïs, grâce"
NEJMA,Arabe,Étoile
NELIA,Moderne,"Création récente, signification variable"
NELL,Anglaise,Lumière
NELLY,Anglaise,Lumière
NELYA,Moderne,"Combinaison de prénoms, signification variable"
NESRINE,Arabe,Jasmin
NEVA,Anglaise,Neige
NEYLA,Arabe,"Celle qui obtient, qui atteint"
NEÏLA,Arabe,"Celle qui obtient, qui atteint"
NICOLE,Greco-latine,Victoire du peuple
NIHEL,Arabe,"Succès, réussite"
NINA,Hébraïque/Russe/Espagnole,"Grâce (hébreu), petite fille (espagnol), diminutif de prénoms comme Anne ou Antonina"
NINON,Française,"Diminutif d'Anne, grâce"
NIOUMA,Africaine,Fille noble
NISA,Arabe,Femme
NIYA,Arabe,Intention
NOA,Hébraïque,"Repos, paix"
NOA,Hébraïque,"Repos', 'paix'"
NOLA,Anglaise,"Blonde, noble"
NOLWENN,Bretonne,Lumière sacrée
NOOR,Arabe,Lumière
NORA,Arabe/Latine,"Lumière (arabe), diminutif d'Honorine ou Eleonora"
NORAH,Arabe,Lumière
NOUR,Arabe,"Lumière, éclat"
NOUR,Arabe,Lumière
NOURA,Arabe,Lumière
NOUSSAYBA,Arabe,Compagne du prophète
NOÉE,Française,"Repos, paix"
NOÉLIA,Espagnole,Née à Noël
NOÉLIE,Française,Née à Noël
NOÉLINE,Française,"Petite Noé, repos, paix"
NOÉMIE,Hébraïque,"Douceur, agréable"
NOËLIA,Espagnole,Née à Noël
NOËLYA,Moderne,"Création récente, signification variable"
NOÛR,Arabe,Lumière
NYNA,Moderne,"Création récente, signification variable"
NÉLIA,Moderne,"Combinaison de prénoms, signification variable"
NÉLYA,Moderne,"Combinaison de prénoms, signification variable"
NËLYA,Moderne,"Création récente, signification variable"
OCTAVIA,Latine,Huitième
OCÉANE,Française,Océan
OLGA,Russe,Sacrée
OLIVIA,Latine,"Olive, symbole de paix"
OLYMPE,Greque,"Mont Olympe, résidence des dieux"
OLYMPIA,Greque,"Mont Olympe, résidence des dieux"
OMBELINE,Française,Fleur
OPHÉLIE,Greque,"Aide, secours"
ORA,Latine,"Prière, heure"
ORIANE,Latine,"Aurore, dorée"
ORLANE,Française,"Dorée, éclatante"
ORNELLA,Italienne,Fleur de frêne
OUMOU,Africaine,Mère
PALOMA,Espagnole,Colombe
PAOLA,Italienne,"Petite, humble"
PAOLINA,Italienne,"Petite, humble"
PAULA,Latine,"Petite, humble"
PAULINE,Latine,"Petite, humble"
PERLE,Française,"Perle, précieuse"
PHILIPPA,Greque,Amie des chevaux
PHILIPPINE,Greque,Amie des chevaux
PHILOMÈNE,Greque,Aimée de la force
PIA,Latine,"Pieuse, dévote"
PRIYA,Indienne,Bien-aimée
PRUNE,Française,Fruit
PÉNÉLOPE,Greque,"Fidèle, tisseuse"
RACHEL,Hébraïque,Brebis
RAHMA,Arabe,Miséricorde
RAMATA,Africaine,"Sagesse, respectée"
RANIA,Arabe,"Reine, regard"
RAPHAËLLE,Hébraïque,Dieu guérit
RAYANA,Moderne,"Création récente, signification variable"
RAYHANA,Arabe,"Basilic, parfum"
RAZANE,Arabe,"Calme, dignité"
RAÏNA,Slave,Reine
RAÏSSA,Russe,"Pensée, légère"
REBECCA,Hébraïque,"Lien, attachement"
RILEY,Anglaise,"Brave, vaillant"
RIM,Arabe,Gazelle
RIMA,Arabe,Gazelle blanche
RITA,Latine,Perle
RITEL,Moderne,"Création récente, signification variable"
ROKHAYA,Africaine,Respectée
ROKIA,Arabe,Enchantement
ROMA,Italienne,Rome
ROMANE,Latine,Originaire de Rome
ROMIE,Moderne,"Création récente, signification variable"
ROMY,Allemande/Latine,"Diminutif de Rosemarie ou Romane, 'rose' ou 'de Rome'"
ROSA,Latine,Rose
ROSALIA,Latine,Rose
ROSALIE,Latine,Rose
ROSE,Latine,"Fleur, symbole d'amour"
ROSIE,Anglaise,Rose
ROUKAYA,Arabe,Enchantement
ROXANE,Persane,"Aube, lumière"
ROXANNE,Persane,"Aube, lumière"
ROZENN,Bretonne,Rose
RUBY,Anglaise,Pierre précieuse rouge
RYM,Arabe,Gazelle
SABRINA,Latine,De la rivière Severn
SACHA,Russe,"Diminutif d’Alexandre, 'protecteur de l’humanité'"
SACHA,Russe,Diminutif d'Alexandre/Alexandra
SADIO,Africaine,"Chanceux, prospère"
SAFA,Arabe,"Pureté, sérénité"
SAFAA,Arabe,Pureté
SAFIA,Arabe,"Pure, sincère"
SAFIYA,Arabe,"Pure, sincère"
SAFYA,Arabe,"Pure, sincère"
SAJA,Arabe,"Noble, distinguée"
SAKINA,Arabe,"Tranquillité, sérénité"
SALIMATA,Africaine,Paisible
SALMA,Arabe,"Paisible, saine"
SALOMÉ,Hébraïque,Paix
SAMIRA,Arabe,Compagne de soirée
SANA,Arabe,"Éclat, splendeur"
SANAA,Arabe,"Art, beauté"
SARA,Hébraïque,Princesse
SARAH,Hébraïque,Princesse
SARAN,Africaine,Joie
SASHA,Russe,"Diminutif d’Alexandre, protecteur de l’humanité"
SASHA,Russe,"Diminutif d’Alexandre/Alexandra, protecteur de l’humanité"
SELENA,Greque,Lune
SELMA,Arabe,"Paisible, protégée"
SENA,Turque,Louange
SERENA,Latine,"Sereine, calme"
SEYANA,Moderne,"Création récente, signification variable"
SEYNABOU,Africaine,Respectée
SHANA,Anglaise,Belle
SHANNA,Anglaise,Dieu fait grâce
SHAÏNA,Hébraïque,"Belle, charmante"
SHELBY,Anglaise,Domaine du saule
SIA,Scandinave,Victoire
SIANA,Moderne,"Création récente, signification variable"
SIBYLLE,Greque,Prophétesse
SIDRA,Arabe,Arbre du paradis
SIENA,Italienne,"Ville italienne, couleur terre"
SIENNA,Italienne,"Rouge orangé, couleur de terre"
SIHEM,Arabe,Paix
SILYA,Moderne,"Création récente, signification variable"
SIMONE,Hébraïque,Écouter
SIRA,Arabe,Histoire
SIRINE,Arabe,"Belle, fascinante"
SIXTINE,Latine,Sixième
SOFIA,Greque,Sagesse
SOHANE,Moderne,"Création récente, signification variable"
SOKONA,Africaine,Fille noble
SOLANGE,Latine,Solennelle
SOLINE,Latine,"Solennelle, soleil"
SOLVEIG,Scandinave,Force de la maison
SOLÈNE,Latine,"Soleil, solennelle"
SONIA,Slave,Sagesse
SOPHIA,Greque,Sagesse
SOPHIE,Greque,Sagesse
SORAYA,Persane,Princesse
SOUJOUD,Arabe,Prosternation
SOUKAÏNA,Arabe,Tranquillité
SOUMAYA,Arabe,"Élevée, distinguée"
STELLA,Latine,Étoile
SUZANNE,Hébraïque,Lys
SUZIE,Anglaise,Lys
SWANN,Anglaise,Cygne
SYANA,Moderne,"Création récente, signification variable"
SYBILLE,Greque,Prophétesse
SYLIA,Latine,Forêt
SYRINE,Arabe,"Belle, fascinante"
SÉLÈNE,Greque,Lune
SÉLÉNA,Greque,Lune
SÉRÉNA,Latine,"Sereine, calme"
SÏANA,Moderne,"Création récente, signification variable"
TAHEL,Hébraïque,Louange de Dieu
TALI,Hébraïque,Rosée du Ciel
TALIA,Hébraïque,Rosée de Dieu
TALINE,Arménienne,Déesse de la nature
TALYA,Hébraïque,Rosée de Dieu
TAMARA,Hébraïque,"Palmier, datte"
TANIA,Slave,"Fée, princesse"
TARA,Indienne,Étoile
TASNIM,Arabe,Source d'eau au paradis
TASNIME,Arabe,Source d'eau au paradis
TAÏNA,Polynésienne,"Mystère, secret"
TENZIN,Tibétaine,Défenseur de la doctrine
TESNIM,Arabe,Source d'eau au paradis
TESNIME,Arabe,Source d'eau au paradis
TESS,Anglaise,"Moisson, récolte"
TESSA,Greque,"Moisson, récolte"
THALIA,Greque,"Fleurir, épanouie"
THALYA,Greque,"Fleurir, épanouie"
THAÏS,Greque,"La belle, la contemplée"
THELMA,Anglaise,"Volonté, volonté forte"
THÉA,Greque,"Déesse, déesse de la lumière"
TIA,Anglaise,"Tante, ou princesse"
TIANA,Latine,Princesse
TINA,Anglaise,Diminutif de Christina
TYA,Moderne,"Création récente, signification variable"
TYANA,Moderne,"Création récente, signification variable"
TÉA,Greque,Déesse
URIELLE,Hébraïque,Dieu est ma lumière
VALENTINA,Latine,"Vigoureuse, pleine de santé"
VALENTINE,Latine,"Vigoureuse, forte"
VICTOIRE,Latine,"Victoire, succès"
VICTORIA,Latine,Victoire
VIOLETTE,Latine,Fleur violette
VITTORIA,Italienne,Victoire
WENDY,Anglaise,Amie
WILLOW,Anglaise,Saule
YAMINA,Arabe,"Bénie, chanceuse"
YARA,Arabe,"Petite papillon, courageuse"
YASMIN,Persane,"Jasmin, fleur"
YASMINA,Persane,"Jasmin, fleur"
YASMINE,Persane,"Jasmin, fleur"
YASNA,Persane,"Prière, dévotion"
YAËL,Hébraïque,Chèvre sauvage
YAËLLE,Hébraïque,Femme forte
YEIMY,Espagnole,"Création récente, signification variable"
YOUMNA,Arabe,Bénédiction
YOUNA,Bretonne,Désirée
YOUSRA,Arabe,"Facilité, aisance"
YOUSSRA,Arabe,"Facilité, aisance"
YSÉ,Française,Don de Dieu
YSÉE,Française,Don de Dieu
YUNA,Japonaise/Bretonne,"Lune (japonais), désirée (breton)"
YÜNA,Moderne,"Création récente, signification variable"
ZAHRA,Arabe,"Fleur, brillante"
ZAINAB,Arabe,Fleur du désert
ZAYNA,Arabe,Beauté
ZAYNAB,Arabe,Fleur du désert
ZAYNEB,Arabe,Fleur du désert
ZAÏNA,Arabe,Beauté
ZEINAB,Arabe,Fleur du désert
ZEYNA,Arabe,Beauté
ZEYNAB,Arabe,Fleur du désert
ZEYNEB,Arabe,Fleur du désert
ZEYNEP,Arabe,Fleur du désert
ZINA,Arabe,Belle
ZINEB,Arabe,Fleur du désert
ZITA,Latine,Jeune fille
ZOHRA,Arabe,"Fleur, brillante"
ZOLA,Africaine,"Paix, tranquille"
ZOYA,Slave,Vie
ZOÉ,Greque,Vie
ZOË,Greque,Vie
ZÉLIA,Française,"Diminutif d'Azélie, noble"
ZÉLIE,Française/Latine,"Forme abrégée de Solène ou Azélie, 'soleil' ou 'noble'"
ÈVE,Hébraïque,"Vie, vivante"
ÉDEN,Hébraïque,"Délice, paradis"
ÉLIA,Hébraïque,Le Seigneur est mon Dieu
ÉLIE,Hébraïque,Le Seigneur est mon Dieu
ÉLIE,Hébraïque,Le Seigneur est élevé
ÉLINA,Greque,"Lumière, éclat du soleil"
ÉLINE,Française,"Lumière, éclat du soleil"
ÉLISA,Hébraïque,Dieu est serment
ÉLISABETH,Hébraïque,Dieu est serment
ÉLISE,Hébraïque,Dieu est serment
ÉLOÏSE,Greque,"Soleil, santé"
ÉLOÏSE,Française,"Saine, large, célèbre"
ÉLYA,Hébraïque,Dieu a répondu
ÉLYNA,Moderne,"Création récente, signification variable"
ÉLÉA,Greque,"Lumière, éclat du soleil"
ÉLÉANORE,Greque,"Compassion, lumière"
ÉLÉNA,Greco-latine,"Lumière, éclat du soleil"
ÉLÉONORE,Greque,"Compassion, lumière"
ÉMIE,Moderne,"Création récente, signification variable"
ÉMILIA,Latine,"Rival, émulateur"
ÉMILIE,Latine,"Rival, émulateur"
ÉMY,Anglaise,"Diminutif d'Emily, rivale"
ÉNOLA,Amérindienne,"Solitaire, émancipée"
ÉNORA,Bretonne,Honneur
ÉVA,Hébraïque,"Vie, vivante"